"vessel","cruise","haul","species","area","sex","length","specimen","weight","age","latitude","longitude","date_collected","Age_Method"
"96",202201,89,20510,0.00,2,720.00,2411,3830.00,8,59.26,-146.85,"2022-08-05 00:00:00","B"
"96",202201,89,20510,0.00,1,560.00,2413,2140.00,5,59.26,-146.85,"2022-08-05 00:00:00","B"
"96",202201,75,20510,0.00,1,550.00,1143,1470.00,9,55.64,-155.85,"2022-07-01 00:00:00","B"
"96",202201,75,20510,0.00,2,530.00,1173,1350.00,6,55.64,-155.85,"2022-07-01 00:00:00","B"
"96",202201,93,20510,0.00,2,670.00,2107,3020.00,4,59.55,-142.57,"2022-07-26 00:00:00","B"
"96",202201,85,20510,0.00,1,580.00,2772,1970.00,7,58.29,-148.61,"2022-08-11 00:00:00","B"
"96",202201,148,20510,0.00,1,610.00,1185,2280.00,8,54.64,-132.84,"2022-07-06 00:00:00","B"
"96",202201,104,20510,0.00,2,670.00,1464,2840.00,6,55.98,-135.43,"2022-07-12 00:00:00","B"
"96",202201,93,20510,0.00,2,600.00,2121,2330.00,6,59.55,-142.57,"2022-07-26 00:00:00","B"
"96",202201,92,20510,0.00,2,690.00,2151,3670.00,7,59.55,-143.65,"2022-07-27 00:00:00","B"
"96",202201,84,20510,0.00,1,590.00,2831,2160.00,6,57.96,-149.17,"2022-08-12 00:00:00","B"
"96",202201,136,20510,0.00,2,630.00,2212,2310.00,8,59.76,-143.71,"2022-07-31 00:00:00","B"
"96",202201,128,20510,0.00,1,550.00,2874,1720.00,6,57.99,-149.84,"2022-08-13 00:00:00","B"
"96",202201,101,20510,0.00,2,560.00,1564,1970.00,6,57.19,-136.23,"2022-07-15 00:00:00","B"
"96",202201,137,20510,0.00,2,600.00,2225,2070.00,8,59.71,-143.50,"2022-07-31 00:00:00","B"
"96",202201,143,20510,0.00,2,730.00,1727,4110.00,16,57.96,-137.06,"2022-07-17 00:00:00","B"
"96",202201,143,20510,0.00,1,640.00,1729,2630.00,8,57.96,-137.06,"2022-07-17 00:00:00","B"
"96",202201,129,20510,0.00,1,620.00,2932,2560.00,19,58.09,-149.93,"2022-08-13 00:00:00","B"
"96",202201,129,20510,0.00,2,610.00,2934,2630.00,8,58.09,-149.93,"2022-08-13 00:00:00","B"
"96",202201,99,20510,0.00,1,600.00,1742,1990.00,6,57.88,-137.38,"2022-07-18 00:00:00","B"
"96",202201,91,20510,0.00,2,480.00,2291,1210.00,3,59.51,-144.72,"2022-08-01 00:00:00","S"
"96",202201,83,20510,0.00,2,660.00,2948,2970.00,7,57.62,-149.91,"2022-08-14 00:00:00","B"
"96",202201,83,20510,0.00,1,590.00,2963,1790.00,4,57.62,-149.91,"2022-08-14 00:00:00","S"
"96",202201,99,20510,0.00,2,570.00,1770,1860.00,6,57.88,-137.38,"2022-07-18 00:00:00","B"
"96",202201,98,20510,0.00,1,590.00,1787,2050.00,4,58.13,-138.73,"2022-07-19 00:00:00","B"
"96",202201,83,20510,0.00,1,530.00,2977,1430.00,8,57.62,-149.91,"2022-08-14 00:00:00","B"
"96",202201,135,20510,0.00,2,540.00,2367,1500.00,6,59.51,-147.15,"2022-08-03 00:00:00","B"
"96",202201,95,20510,0.00,1,630.00,1989,2280.00,7,59.05,-141.50,"2022-07-24 00:00:00","B"
"96",202201,40,20510,0.00,1,540.00,181,1740.00,6,51.96,-176.45,"2022-06-07 00:00:00","B"
"96",202201,40,20510,0.00,2,540.00,196,1870.00,8,51.96,-176.45,"2022-06-07 00:00:00","B"
"96",202201,104,20510,0.00,1,570.00,1399,2030.00,11,55.98,-135.43,"2022-07-12 00:00:00","B"
"96",202201,131,20510,0.00,2,580.00,2604,1730.00,7,58.84,-148.92,"2022-08-09 00:00:00","B"
"96",202201,131,20510,0.00,1,580.00,2621,1980.00,10,58.84,-148.92,"2022-08-09 00:00:00","B"
"96",202201,54,20510,0.00,1,540.00,203,1520.00,5,51.76,-178.16,"2022-06-08 00:00:00","B"
"96",202201,54,20510,0.00,1,650.00,205,2630.00,7,51.76,-178.16,"2022-06-08 00:00:00","B"
"96",202201,54,20510,0.00,2,670.00,218,3130.00,8,51.76,-178.16,"2022-06-08 00:00:00","B"
"96",202201,131,20510,0.00,2,730.00,2625,3980.00,9,58.84,-148.92,"2022-08-09 00:00:00","B"
"96",202201,66,20510,0.00,1,540.00,694,1590.00,5,53.73,-164.47,"2022-06-22 00:00:00","B"
"96",202201,66,20510,0.00,1,560.00,709,1710.00,5,53.73,-164.47,"2022-06-22 00:00:00","B"
"96",202201,54,20510,0.00,2,630.00,226,2750.00,11,51.76,-178.16,"2022-06-08 00:00:00","B"
"96",202201,42,20510,0.00,1,530.00,241,1770.00,6,51.77,-178.97,"2022-06-09 00:00:00","B"
"96",202201,42,20510,0.00,2,690.00,243,3640.00,7,51.77,-178.97,"2022-06-09 00:00:00","B"
"96",202201,67,20510,0.00,2,590.00,729,1800.00,4,53.97,-163.27,"2022-06-23 00:00:00","B"
"96",202201,53,20510,0.00,2,730.00,262,4130.00,6,51.40,-178.62,"2022-06-10 00:00:00","B"
"96",202201,67,20510,0.00,2,570.00,753,1930.00,7,53.97,-163.27,"2022-06-23 00:00:00","B"
"96",202201,63,20510,0.00,2,470.00,547,990.00,4,52.96,-168.13,"2022-06-20 00:00:00","B"
"96",202201,86,20510,0.00,2,580.00,2707,1980.00,8,58.68,-148.33,"2022-08-10 00:00:00","B"
"96",202201,86,20510,0.00,1,580.00,2709,2060.00,5,58.68,-148.33,"2022-08-10 00:00:00","B"
"96",202201,63,20510,0.00,2,630.00,569,2910.00,5,52.96,-168.13,"2022-06-20 00:00:00","B"
"96",202201,63,20510,0.00,2,530.00,571,1170.00,7,52.96,-168.13,"2022-06-20 00:00:00","B"
"96",202201,89,20510,0.00,2,660.00,2408,3280.00,5,59.26,-146.85,"2022-08-05 00:00:00","S"
"96",202201,89,20510,0.00,2,660.00,2410,3070.00,7,59.26,-146.85,"2022-08-05 00:00:00","B"
"96",202201,82,20510,0.00,1,620.00,3068,2390.00,8,57.39,-150.57,"2022-08-15 00:00:00","B"
"96",202201,82,20510,0.00,1,520.00,3073,1390.00,6,57.39,-150.57,"2022-08-15 00:00:00","B"
"96",202201,89,20510,0.00,2,620.00,2421,3020.00,6,59.26,-146.85,"2022-08-05 00:00:00","B"
"96",202201,94,20510,0.00,1,700.00,2032,3490.00,24,59.39,-142.16,"2022-07-25 00:00:00","B"
"96",202201,88,20510,0.00,1,530.00,2464,1450.00,5,59.15,-147.60,"2022-08-06 00:00:00","B"
"96",202201,75,20510,0.00,2,510.00,1155,1140.00,5,55.64,-155.85,"2022-07-01 00:00:00","B"
"96",202201,75,20510,0.00,1,520.00,1159,1290.00,7,55.64,-155.85,"2022-07-01 00:00:00","B"
"96",202201,75,20510,0.00,1,500.00,1161,1050.00,4,55.64,-155.85,"2022-07-01 00:00:00","B"
"96",202201,75,20510,0.00,2,560.00,1168,1700.00,5,55.64,-155.85,"2022-07-01 00:00:00","B"
"96",202201,103,20510,0.00,2,560.00,1469,1970.00,6,56.38,-135.35,"2022-07-13 00:00:00","B"
"96",202201,93,20510,0.00,2,690.00,2114,3280.00,8,59.55,-142.57,"2022-07-26 00:00:00","B"
"96",202201,103,20510,0.00,2,420.00,1482,650.00,2,56.38,-135.35,"2022-07-13 00:00:00","B"
"96",202201,102,20510,0.00,2,610.00,1491,2240.00,5,56.85,-136.00,"2022-07-14 00:00:00","B"
"96",202201,102,20510,0.00,1,580.00,1501,1910.00,4,56.85,-136.00,"2022-07-14 00:00:00","B"
"96",202201,92,20510,0.00,2,700.00,2177,3760.00,11,59.55,-143.65,"2022-07-27 00:00:00","B"
"96",202201,84,20510,0.00,1,540.00,2848,1530.00,4,57.96,-149.17,"2022-08-12 00:00:00","B"
"96",202201,102,20510,0.00,2,650.00,1540,2500.00,3,56.85,-136.00,"2022-07-14 00:00:00","B"
"96",202201,102,20510,0.00,1,580.00,1542,2070.00,4,56.85,-136.00,"2022-07-14 00:00:00","B"
"96",202201,101,20510,0.00,1,520.00,1547,1350.00,4,57.19,-136.23,"2022-07-15 00:00:00","B"
"96",202201,136,20510,0.00,1,560.00,2213,1960.00,5,59.76,-143.71,"2022-07-31 00:00:00","B"
"96",202201,136,20510,0.00,2,690.00,2215,3360.00,7,59.76,-143.71,"2022-07-31 00:00:00","B"
"96",202201,84,20510,0.00,1,540.00,2869,1630.00,5,57.96,-149.17,"2022-08-12 00:00:00","B"
"96",202201,137,20510,0.00,2,730.00,2228,4260.00,8,59.71,-143.50,"2022-07-31 00:00:00","B"
"96",202201,91,20510,0.00,2,560.00,2239,1900.00,10,59.51,-144.72,"2022-08-01 00:00:00","B"
"96",202201,91,20510,0.00,1,550.00,2241,1650.00,6,59.51,-144.72,"2022-08-01 00:00:00","B"
"96",202201,128,20510,0.00,2,590.00,2909,2140.00,6,57.99,-149.84,"2022-08-13 00:00:00","B"
"96",202201,129,20510,0.00,2,620.00,2916,2620.00,7,58.09,-149.93,"2022-08-13 00:00:00","B"
"96",202201,129,20510,0.00,2,630.00,2920,2890.00,8,58.09,-149.93,"2022-08-13 00:00:00","B"
"96",202201,129,20510,0.00,2,610.00,2929,2490.00,9,58.09,-149.93,"2022-08-13 00:00:00","B"
"96",202201,90,20510,0.00,2,680.00,2305,3020.00,7,59.50,-145.53,"2022-08-02 00:00:00","B"
"96",202201,90,20510,0.00,1,590.00,2320,2060.00,9,59.50,-145.53,"2022-08-02 00:00:00","B"
"96",202201,98,20510,0.00,1,550.00,1810,1730.00,5,58.13,-138.73,"2022-07-19 00:00:00","B"
"96",202201,98,20510,0.00,2,530.00,1812,1290.00,5,58.13,-138.73,"2022-07-19 00:00:00","B"
"96",202201,135,20510,0.00,1,470.00,2355,920.00,3,59.51,-147.15,"2022-08-03 00:00:00","B"
"96",202201,89,20510,0.00,2,730.00,2381,3900.00,8,59.26,-146.85,"2022-08-05 00:00:00","B"
"96",202201,95,20510,0.00,1,620.00,1999,2190.00,4,59.05,-141.50,"2022-07-24 00:00:00","B"
"96",202201,40,20510,0.00,1,570.00,184,1790.00,4,51.96,-176.45,"2022-06-07 00:00:00","B"
"96",202201,40,20510,0.00,2,610.00,186,2340.00,3,51.96,-176.45,"2022-06-07 00:00:00","B"
"96",202201,40,20510,0.00,2,710.00,193,3770.00,8,51.96,-176.45,"2022-06-07 00:00:00","B"
"96",202201,40,20510,0.00,1,580.00,195,1840.00,8,51.96,-176.45,"2022-06-07 00:00:00","B"
"96",202201,145,20510,0.00,2,660.00,1387,3050.00,8,56.03,-134.92,"2022-07-11 00:00:00","B"
"96",202201,145,20510,0.00,1,530.00,1392,1550.00,8,56.03,-134.92,"2022-07-11 00:00:00","B"
"96",202201,145,20510,0.00,2,560.00,1394,1580.00,7,56.03,-134.92,"2022-07-11 00:00:00","B"
"96",202201,131,20510,0.00,1,600.00,2609,2220.00,7,58.84,-148.92,"2022-08-09 00:00:00","B"
"96",202201,131,20510,0.00,1,600.00,2616,2140.00,15,58.84,-148.92,"2022-08-09 00:00:00","B"
"96",202201,131,20510,0.00,2,730.00,2618,4290.00,9,58.84,-148.92,"2022-08-09 00:00:00","B"
"96",202201,66,20510,0.00,2,660.00,660,2940.00,7,53.73,-164.47,"2022-06-22 00:00:00","B"
"96",202201,66,20510,0.00,1,550.00,667,1610.00,7,53.73,-164.47,"2022-06-22 00:00:00","B"
"96",202201,54,20510,0.00,2,650.00,206,2930.00,7,51.76,-178.16,"2022-06-08 00:00:00","B"
"96",202201,89,20510,0.00,1,590.00,2403,2110.00,4,59.26,-146.85,"2022-08-05 00:00:00","B"
"96",202201,82,20510,0.00,1,580.00,3054,2060.00,5,57.39,-150.57,"2022-08-15 00:00:00","B"
"96",202201,82,20510,0.00,1,650.00,3069,2930.00,14,57.39,-150.57,"2022-08-15 00:00:00","B"
"96",202201,94,20510,0.00,1,600.00,2025,2170.00,10,59.39,-142.16,"2022-07-25 00:00:00","B"
"96",202201,94,20510,0.00,2,680.00,2035,3180.00,7,59.39,-142.16,"2022-07-25 00:00:00","B"
"96",202201,94,20510,0.00,2,670.00,2052,3520.00,8,59.39,-142.16,"2022-07-25 00:00:00","B"
"96",202201,88,20510,0.00,2,680.00,2461,3270.00,6,59.15,-147.60,"2022-08-06 00:00:00","B"
"96",202201,88,20510,0.00,1,590.00,2462,2250.00,7,59.15,-147.60,"2022-08-06 00:00:00","B"
"96",202201,74,20510,0.00,2,650.00,1133,2900.00,8,55.23,-156.68,"2022-06-30 00:00:00","B"
"96",202201,88,20510,0.00,2,630.00,2476,2480.00,7,59.15,-147.60,"2022-08-06 00:00:00","B"
"96",202201,75,20510,0.00,1,570.00,1163,1790.00,6,55.64,-155.85,"2022-07-01 00:00:00","B"
"96",202201,148,20510,0.00,1,480.00,1182,1100.00,3,54.64,-132.84,"2022-07-06 00:00:00","B"
"96",202201,87,20510,0.00,1,610.00,2503,2370.00,7,59.12,-148.65,"2022-08-07 00:00:00","B"
"96",202201,103,20510,0.00,2,700.00,1474,3080.00,5,56.38,-135.35,"2022-07-13 00:00:00","B"
"96",202201,93,20510,0.00,1,580.00,2130,1820.00,9,59.55,-142.57,"2022-07-26 00:00:00","B"
"96",202201,103,20510,0.00,2,480.00,1486,970.00,3,56.38,-135.35,"2022-07-13 00:00:00","B"
"96",202201,92,20510,0.00,2,660.00,2144,3490.00,7,59.55,-143.65,"2022-07-27 00:00:00","B"
"96",202201,92,20510,0.00,2,640.00,2159,2630.00,5,59.55,-143.65,"2022-07-27 00:00:00","B"
"96",202201,84,20510,0.00,1,650.00,2825,2770.00,8,57.96,-149.17,"2022-08-12 00:00:00","B"
"96",202201,92,20510,0.00,1,610.00,2172,2380.00,4,59.55,-143.65,"2022-07-27 00:00:00","B"
"96",202201,92,20510,0.00,2,490.00,2190,1050.00,3,59.55,-143.65,"2022-07-27 00:00:00","B"
"96",202201,84,20510,0.00,1,560.00,2852,2030.00,6,57.96,-149.17,"2022-08-12 00:00:00","B"
"96",202201,136,20510,0.00,1,680.00,2220,2940.00,20,59.76,-143.71,"2022-07-31 00:00:00","B"
"96",202201,128,20510,0.00,2,550.00,2884,1670.00,4,57.99,-149.84,"2022-08-13 00:00:00","B"
"96",202201,128,20510,0.00,1,570.00,2885,1930.00,7,57.99,-149.84,"2022-08-13 00:00:00","B"
"96",202201,137,20510,0.00,1,490.00,2231,1160.00,3,59.71,-143.50,"2022-07-31 00:00:00","B"
"96",202201,91,20510,0.00,2,510.00,2234,1200.00,7,59.51,-144.72,"2022-08-01 00:00:00","B"
"96",202201,128,20510,0.00,2,750.00,2893,4290.00,8,57.99,-149.84,"2022-08-13 00:00:00","B"
"96",202201,128,20510,0.00,2,620.00,2897,2320.00,6,57.99,-149.84,"2022-08-13 00:00:00","B"
"96",202201,129,20510,0.00,1,610.00,2911,2830.00,9,58.09,-149.93,"2022-08-13 00:00:00","B"
"96",202201,101,20510,0.00,2,500.00,1585,1170.00,4,57.19,-136.23,"2022-07-15 00:00:00","B"
"96",202201,143,20510,0.00,1,570.00,1721,1980.00,6,57.96,-137.06,"2022-07-17 00:00:00","B"
"96",202201,143,20510,0.00,1,470.00,1735,870.00,2,57.96,-137.06,"2022-07-17 00:00:00","B"
"96",202201,91,20510,0.00,1,590.00,2254,2180.00,5,59.51,-144.72,"2022-08-01 00:00:00","B"
"96",202201,91,20510,0.00,1,610.00,2269,2470.00,7,59.51,-144.72,"2022-08-01 00:00:00","B"
"96",202201,129,20510,0.00,1,550.00,2927,1700.00,7,58.09,-149.93,"2022-08-13 00:00:00","B"
"96",202201,129,20510,0.00,2,650.00,2941,3070.00,6,58.09,-149.93,"2022-08-13 00:00:00","B"
"96",202201,98,20510,0.00,2,630.00,1777,2520.00,11,58.13,-138.73,"2022-07-19 00:00:00","B"
"96",202201,90,20510,0.00,2,590.00,2313,2340.00,8,59.50,-145.53,"2022-08-02 00:00:00","B"
"96",202201,90,20510,0.00,1,570.00,2331,2020.00,5,59.50,-145.53,"2022-08-02 00:00:00","B"
"96",202201,135,20510,0.00,1,460.00,2342,830.00,2,59.51,-147.15,"2022-08-03 00:00:00","B"
"96",202201,135,20510,0.00,1,590.00,2345,1900.00,7,59.51,-147.15,"2022-08-03 00:00:00","B"
"96",202201,135,20510,0.00,2,490.00,2360,1090.00,3,59.51,-147.15,"2022-08-03 00:00:00","B"
"96",202201,98,20510,0.00,2,640.00,1818,3210.00,10,58.13,-138.73,"2022-07-19 00:00:00","B"
"96",202201,95,20510,0.00,2,720.00,1998,3550.00,14,59.05,-141.50,"2022-07-24 00:00:00","B"
"96",202201,40,20510,0.00,1,520.00,171,1290.00,5,51.96,-176.45,"2022-06-07 00:00:00","B"
"96",202201,40,20510,0.00,1,490.00,188,1130.00,6,51.96,-176.45,"2022-06-07 00:00:00","B"
"96",202201,40,20510,0.00,1,550.00,189,1700.00,6,51.96,-176.45,"2022-06-07 00:00:00","B"
"96",202201,145,20510,0.00,1,490.00,1389,1090.00,6,56.03,-134.92,"2022-07-11 00:00:00","B"
"96",202201,145,20510,0.00,1,580.00,1390,1860.00,7,56.03,-134.92,"2022-07-11 00:00:00","B"
"96",202201,104,20510,0.00,1,690.00,1404,3520.00,13,55.98,-135.43,"2022-07-12 00:00:00","B"
"96",202201,89,20510,0.00,2,650.00,2390,2770.00,6,59.26,-146.85,"2022-08-05 00:00:00","B"
"96",202201,82,20510,0.00,2,550.00,3057,1590.00,5,57.39,-150.57,"2022-08-15 00:00:00","S"
"96",202201,88,20510,0.00,2,640.00,2439,2490.00,6,59.15,-147.60,"2022-08-06 00:00:00","B"
"96",202201,74,20510,0.00,1,530.00,1132,1460.00,7,55.23,-156.68,"2022-06-30 00:00:00","B"
"96",202201,75,20510,0.00,2,480.00,1137,870.00,4,55.64,-155.85,"2022-07-01 00:00:00","B"
"96",202201,75,20510,0.00,1,480.00,1141,1160.00,6,55.64,-155.85,"2022-07-01 00:00:00","B"
"96",202201,93,20510,0.00,2,860.00,2063,6580.00,9,59.55,-142.57,"2022-07-26 00:00:00","B"
"96",202201,87,20510,0.00,2,610.00,2494,2160.00,6,59.12,-148.65,"2022-08-07 00:00:00","B"
"96",202201,148,20510,0.00,1,560.00,1184,1850.00,7,54.64,-132.84,"2022-07-06 00:00:00","B"
"96",202201,93,20510,0.00,1,580.00,2111,1970.00,8,59.55,-142.57,"2022-07-26 00:00:00","B"
"96",202201,87,20510,0.00,1,510.00,2498,1200.00,7,59.12,-148.65,"2022-08-07 00:00:00","B"
"96",202201,87,20510,0.00,2,540.00,2500,1550.00,7,59.12,-148.65,"2022-08-07 00:00:00","B"
"96",202201,148,20510,0.00,1,610.00,1187,2310.00,7,54.64,-132.84,"2022-07-06 00:00:00","B"
"96",202201,148,20510,0.00,2,580.00,1189,2160.00,6,54.64,-132.84,"2022-07-06 00:00:00","B"
"96",202201,104,20510,0.00,2,520.00,1460,1580.00,5,55.98,-135.43,"2022-07-12 00:00:00","B"
"96",202201,93,20510,0.00,2,600.00,2132,2280.00,8,59.55,-142.57,"2022-07-26 00:00:00","B"
"96",202201,103,20510,0.00,1,510.00,1475,1180.00,7,56.38,-135.35,"2022-07-13 00:00:00","B"
"96",202201,102,20510,0.00,1,610.00,1498,2350.00,7,56.85,-136.00,"2022-07-14 00:00:00","B"
"96",202201,102,20510,0.00,1,620.00,1500,2050.00,4,56.85,-136.00,"2022-07-14 00:00:00","B"
"96",202201,92,20510,0.00,2,650.00,2147,3270.00,6,59.55,-143.65,"2022-07-27 00:00:00","B"
"96",202201,84,20510,0.00,1,580.00,2818,1930.00,6,57.96,-149.17,"2022-08-12 00:00:00","B"
"96",202201,84,20510,0.00,2,740.00,2820,3440.00,7,57.96,-149.17,"2022-08-12 00:00:00","B"
"96",202201,84,20510,0.00,2,570.00,2829,1850.00,6,57.96,-149.17,"2022-08-12 00:00:00","B"
"96",202201,102,20510,0.00,1,570.00,1512,1990.00,7,56.85,-136.00,"2022-07-14 00:00:00","B"
"96",202201,84,20510,0.00,2,570.00,2839,1620.00,4,57.96,-149.17,"2022-08-12 00:00:00","B"
"96",202201,84,20510,0.00,1,730.00,2841,4130.00,9,57.96,-149.17,"2022-08-12 00:00:00","B"
"96",202201,84,20510,0.00,1,550.00,2843,1760.00,4,57.96,-149.17,"2022-08-12 00:00:00","B"
"96",202201,128,20510,0.00,1,610.00,2878,2340.00,11,57.99,-149.84,"2022-08-13 00:00:00","B"
"96",202201,128,20510,0.00,2,670.00,2880,2710.00,7,57.99,-149.84,"2022-08-13 00:00:00","B"
"96",202201,101,20510,0.00,1,620.00,1579,2180.00,7,57.19,-136.23,"2022-07-15 00:00:00","B"
"96",202201,128,20510,0.00,1,530.00,2900,1480.00,6,57.99,-149.84,"2022-08-13 00:00:00","B"
"96",202201,143,20510,0.00,1,650.00,1723,2810.00,7,57.96,-137.06,"2022-07-17 00:00:00","B"
"96",202201,143,20510,0.00,2,670.00,1725,3100.00,8,57.96,-137.06,"2022-07-17 00:00:00","B"
"96",202201,91,20510,0.00,1,570.00,2264,1990.00,5,59.51,-144.72,"2022-08-01 00:00:00","B"
"96",202201,91,20510,0.00,2,590.00,2275,2360.00,6,59.51,-144.72,"2022-08-01 00:00:00","B"
"96",202201,91,20510,0.00,2,680.00,2289,2780.00,11,59.51,-144.72,"2022-08-01 00:00:00","B"
"96",202201,98,20510,0.00,1,620.00,1776,2220.00,7,58.13,-138.73,"2022-07-19 00:00:00","B"
"96",202201,90,20510,0.00,2,560.00,2325,1690.00,6,59.50,-145.53,"2022-08-02 00:00:00","B"
"96",202201,83,20510,0.00,1,600.00,2971,2550.00,9,57.62,-149.91,"2022-08-14 00:00:00","B"
"96",202201,98,20510,0.00,1,600.00,1796,2200.00,8,58.13,-138.73,"2022-07-19 00:00:00","B"
"96",202201,134,20510,0.00,1,450.00,2341,710.00,3,59.59,-146.96,"2022-08-03 00:00:00","B"
"96",202201,135,20510,0.00,2,470.00,2350,1000.00,4,59.51,-147.15,"2022-08-03 00:00:00","B"
"96",202201,82,20510,0.00,2,600.00,3009,2340.00,5,57.39,-150.57,"2022-08-15 00:00:00","B"
"96",202201,97,20510,0.00,2,880.00,1840,7530.00,20,58.46,-139.46,"2022-07-20 00:00:00","B"
"96",202201,135,20510,0.00,2,510.00,2362,1240.00,3,59.51,-147.15,"2022-08-03 00:00:00","B"
"96",202201,97,20510,0.00,1,580.00,1844,1900.00,6,58.46,-139.46,"2022-07-20 00:00:00","B"
"96",202201,95,20510,0.00,2,600.00,1983,2170.00,6,59.05,-141.50,"2022-07-24 00:00:00","B"
"96",202201,40,20510,0.00,1,580.00,175,1900.00,7,51.96,-176.45,"2022-06-07 00:00:00","B"
"96",202201,66,20510,0.00,1,570.00,678,1970.00,9,53.73,-164.47,"2022-06-22 00:00:00","B"
"96",202201,54,20510,0.00,1,620.00,201,2490.00,7,51.76,-178.16,"2022-06-08 00:00:00","B"
"96",202201,95,20510,0.00,1,740.00,2010,3860.00,22,59.05,-141.50,"2022-07-24 00:00:00","B"
"96",202201,94,20510,0.00,2,490.00,2021,1120.00,4,59.39,-142.16,"2022-07-25 00:00:00","B"
"96",202201,89,20510,0.00,1,570.00,2420,1900.00,4,59.26,-146.85,"2022-08-05 00:00:00","B"
"96",202201,82,20510,0.00,2,500.00,3078,1120.00,7,57.39,-150.57,"2022-08-15 00:00:00","B"
"96",202201,88,20510,0.00,2,740.00,2465,4630.00,9,59.15,-147.60,"2022-08-06 00:00:00","B"
"96",202201,93,20510,0.00,1,450.00,2078,900.00,4,59.55,-142.57,"2022-07-26 00:00:00","B"
"96",202201,88,20510,0.00,1,530.00,2486,1500.00,7,59.15,-147.60,"2022-08-06 00:00:00","B"
"96",202201,87,20510,0.00,2,560.00,2499,1470.00,4,59.12,-148.65,"2022-08-07 00:00:00","B"
"96",202201,148,20510,0.00,2,660.00,1188,2990.00,6,54.64,-132.84,"2022-07-06 00:00:00","B"
"96",202201,103,20510,0.00,2,650.00,1470,2390.00,7,56.38,-135.35,"2022-07-13 00:00:00","B"
"96",202201,93,20510,0.00,1,570.00,2126,1800.00,5,59.55,-142.57,"2022-07-26 00:00:00","B"
"96",202201,93,20510,0.00,1,690.00,2133,3300.00,22,59.55,-142.57,"2022-07-26 00:00:00","B"
"96",202201,85,20510,0.00,1,580.00,2788,1810.00,4,58.29,-148.61,"2022-08-11 00:00:00","B"
"96",202201,85,20510,0.00,1,590.00,2806,2120.00,5,58.29,-148.61,"2022-08-11 00:00:00","B"
"96",202201,84,20510,0.00,1,590.00,2835,2300.00,6,57.96,-149.17,"2022-08-12 00:00:00","B"
"96",202201,92,20510,0.00,1,610.00,2176,2300.00,6,59.55,-143.65,"2022-07-27 00:00:00","B"
"96",202201,101,20510,0.00,2,720.00,1550,4310.00,6,57.19,-136.23,"2022-07-15 00:00:00","B"
"96",202201,136,20510,0.00,1,660.00,2216,3260.00,13,59.76,-143.71,"2022-07-31 00:00:00","B"
"96",202201,128,20510,0.00,2,630.00,2877,2680.00,9,57.99,-149.84,"2022-08-13 00:00:00","B"
"96",202201,128,20510,0.00,2,530.00,2888,1330.00,6,57.99,-149.84,"2022-08-13 00:00:00","B"
"96",202201,101,20510,0.00,2,730.00,1578,3900.00,9,57.19,-136.23,"2022-07-15 00:00:00","B"
"96",202201,91,20510,0.00,1,620.00,2238,2500.00,5,59.51,-144.72,"2022-08-01 00:00:00","B"
"96",202201,91,20510,0.00,1,580.00,2242,2090.00,8,59.51,-144.72,"2022-08-01 00:00:00","B"
"96",202201,143,20510,0.00,1,570.00,1724,1830.00,8,57.96,-137.06,"2022-07-17 00:00:00","B"
"96",202201,91,20510,0.00,1,560.00,2272,1880.00,5,59.51,-144.72,"2022-08-01 00:00:00","B"
"96",202201,129,20510,0.00,1,560.00,2930,1690.00,9,58.09,-149.93,"2022-08-13 00:00:00","B"
"96",202201,83,20510,0.00,1,600.00,2951,2630.00,6,57.62,-149.91,"2022-08-14 00:00:00","B"
"96",202201,83,20510,0.00,2,640.00,2990,2510.00,6,57.62,-149.91,"2022-08-14 00:00:00","B"
"96",202201,98,20510,0.00,1,550.00,1793,1590.00,10,58.13,-138.73,"2022-07-19 00:00:00","B"
"96",202201,135,20510,0.00,2,460.00,2349,830.00,3,59.51,-147.15,"2022-08-03 00:00:00","B"
"96",202201,82,20510,0.00,2,610.00,3010,2190.00,5,57.39,-150.57,"2022-08-15 00:00:00","B"
"96",202201,98,20510,0.00,1,610.00,1825,2470.00,6,58.13,-138.73,"2022-07-19 00:00:00","B"
"96",202201,89,20510,0.00,2,630.00,2387,2840.00,8,59.26,-146.85,"2022-08-05 00:00:00","B"
"96",202201,82,20510,0.00,2,630.00,3032,2410.00,4,57.39,-150.57,"2022-08-15 00:00:00","B"
"96",202201,82,20510,0.00,2,470.00,3039,950.00,4,57.39,-150.57,"2022-08-15 00:00:00","S"
"96",202201,95,20510,0.00,2,720.00,1984,4390.00,7,59.05,-141.50,"2022-07-24 00:00:00","B"
"96",202201,40,20510,0.00,2,550.00,178,1460.00,6,51.96,-176.45,"2022-06-07 00:00:00","B"
"96",202201,40,20510,0.00,2,600.00,185,2280.00,4,51.96,-176.45,"2022-06-07 00:00:00","B"
"96",202201,40,20510,0.00,1,560.00,192,1700.00,6,51.96,-176.45,"2022-06-07 00:00:00","B"
"96",202201,104,20510,0.00,2,530.00,1411,1390.00,9,55.98,-135.43,"2022-07-12 00:00:00","B"
"96",202201,131,20510,0.00,2,620.00,2608,2650.00,7,58.84,-148.92,"2022-08-09 00:00:00","B"
"96",202201,131,20510,0.00,2,620.00,2619,2160.00,7,58.84,-148.92,"2022-08-09 00:00:00","B"
"96",202201,54,20510,0.00,2,610.00,200,2360.00,6,51.76,-178.16,"2022-06-08 00:00:00","B"
"96",202201,54,20510,0.00,2,650.00,207,2610.00,7,51.76,-178.16,"2022-06-08 00:00:00","B"
"96",202201,54,20510,0.00,1,660.00,214,3330.00,9,51.76,-178.16,"2022-06-08 00:00:00","B"
"96",202201,131,20510,0.00,1,680.00,2629,3200.00,16,58.84,-148.92,"2022-08-09 00:00:00","B"
"96",202201,130,20510,0.00,2,540.00,2640,1520.00,4,58.77,-148.91,"2022-08-09 00:00:00","B"
"96",202201,66,20510,0.00,1,560.00,706,1850.00,5,53.73,-164.47,"2022-06-22 00:00:00","B"
"96",202201,42,20510,0.00,2,650.00,235,2770.00,7,51.77,-178.97,"2022-06-09 00:00:00","B"
"96",202201,42,20510,0.00,1,600.00,239,2370.00,7,51.77,-178.97,"2022-06-09 00:00:00","B"
"96",202201,42,20510,0.00,2,640.00,246,2360.00,6,51.77,-178.97,"2022-06-09 00:00:00","B"
"96",202201,89,20510,0.00,1,430.00,2402,760.00,3,59.26,-146.85,"2022-08-05 00:00:00","B"
"96",202201,95,20510,0.00,2,690.00,2001,3320.00,6,59.05,-141.50,"2022-07-24 00:00:00","B"
"96",202201,95,20510,0.00,1,580.00,2012,1710.00,6,59.05,-141.50,"2022-07-24 00:00:00","B"
"96",202201,94,20510,0.00,2,650.00,2026,3190.00,7,59.39,-142.16,"2022-07-25 00:00:00","B"
"96",202201,88,20510,0.00,1,680.00,2436,2790.00,7,59.15,-147.60,"2022-08-06 00:00:00","B"
"96",202201,85,20510,0.00,1,550.00,2783,1880.00,7,58.29,-148.61,"2022-08-11 00:00:00","B"
"96",202201,103,20510,0.00,2,500.00,1468,1210.00,5,56.38,-135.35,"2022-07-13 00:00:00","B"
"96",202201,85,20510,0.00,1,520.00,2790,1800.00,6,58.29,-148.61,"2022-08-11 00:00:00","B"
"96",202201,85,20510,0.00,1,590.00,2797,2160.00,7,58.29,-148.61,"2022-08-11 00:00:00","B"
"96",202201,85,20510,0.00,2,680.00,2808,3200.00,5,58.29,-148.61,"2022-08-11 00:00:00","B"
"96",202201,103,20510,0.00,2,600.00,1481,2060.00,6,56.38,-135.35,"2022-07-13 00:00:00","B"
"96",202201,92,20510,0.00,1,550.00,2153,1620.00,4,59.55,-143.65,"2022-07-27 00:00:00","B"
"96",202201,84,20510,0.00,1,550.00,2830,1610.00,5,57.96,-149.17,"2022-08-12 00:00:00","B"
"96",202201,102,20510,0.00,2,570.00,1502,1710.00,6,56.85,-136.00,"2022-07-14 00:00:00","B"
"96",202201,84,20510,0.00,2,560.00,2851,1640.00,4,57.96,-149.17,"2022-08-12 00:00:00","B"
"96",202201,102,20510,0.00,1,620.00,1530,2260.00,8,56.85,-136.00,"2022-07-14 00:00:00","B"
"96",202201,102,20510,0.00,2,810.00,1541,5690.00,16,56.85,-136.00,"2022-07-14 00:00:00","B"
"96",202201,101,20510,0.00,2,510.00,1548,1160.00,5,57.19,-136.23,"2022-07-15 00:00:00","B"
"96",202201,136,20510,0.00,2,510.00,2214,1240.00,6,59.76,-143.71,"2022-07-31 00:00:00","B"
"96",202201,137,20510,0.00,2,640.00,2229,2660.00,7,59.71,-143.50,"2022-07-31 00:00:00","B"
"96",202201,128,20510,0.00,1,540.00,2892,1580.00,7,57.99,-149.84,"2022-08-13 00:00:00","B"
"96",202201,101,20510,0.00,1,530.00,1583,1300.00,9,57.19,-136.23,"2022-07-15 00:00:00","B"
"96",202201,143,20510,0.00,1,510.00,1733,1780.00,4,57.96,-137.06,"2022-07-17 00:00:00","B"
"96",202201,91,20510,0.00,1,590.00,2256,2130.00,5,59.51,-144.72,"2022-08-01 00:00:00","B"
"96",202201,91,20510,0.00,2,640.00,2286,2580.00,7,59.51,-144.72,"2022-08-01 00:00:00","B"
"96",202201,83,20510,0.00,1,580.00,2960,2010.00,6,57.62,-149.91,"2022-08-14 00:00:00","B"
"96",202201,90,20510,0.00,1,580.00,2308,1870.00,5,59.50,-145.53,"2022-08-02 00:00:00","B"
"96",202201,90,20510,0.00,1,570.00,2319,1740.00,4,59.50,-145.53,"2022-08-02 00:00:00","B"
"96",202201,90,20510,0.00,1,590.00,2333,1870.00,6,59.50,-145.53,"2022-08-02 00:00:00","B"
"96",202201,83,20510,0.00,1,620.00,2988,2380.00,,57.62,-149.91,"2022-08-14 00:00:00",
"96",202201,98,20510,0.00,2,690.00,1802,3290.00,5,58.13,-138.73,"2022-07-19 00:00:00","B"
"96",202201,98,20510,0.00,2,910.00,1823,9540.00,29,58.13,-138.73,"2022-07-19 00:00:00","B"
"96",202201,97,20510,0.00,2,880.00,1841,8710.00,30,58.46,-139.46,"2022-07-20 00:00:00","B"
"96",202201,135,20510,0.00,2,490.00,2364,1040.00,8,59.51,-147.15,"2022-08-03 00:00:00","B"
"96",202201,89,20510,0.00,1,620.00,2389,2570.00,7,59.26,-146.85,"2022-08-05 00:00:00","B"
"96",202201,82,20510,0.00,1,600.00,3041,2310.00,5,57.39,-150.57,"2022-08-15 00:00:00","S"
"96",202201,82,20510,0.00,1,580.00,3048,2270.00,6,57.39,-150.57,"2022-08-15 00:00:00","B"
"96",202201,40,20510,0.00,2,490.00,176,1070.00,5,51.96,-176.45,"2022-06-07 00:00:00","B"
"96",202201,40,20510,0.00,2,650.00,187,2890.00,5,51.96,-176.45,"2022-06-07 00:00:00","B"
"96",202201,40,20510,0.00,2,670.00,194,3070.00,6,51.96,-176.45,"2022-06-07 00:00:00","B"
"96",202201,54,20510,0.00,2,680.00,198,3460.00,6,51.76,-178.16,"2022-06-08 00:00:00","B"
"96",202201,54,20510,0.00,1,540.00,209,1560.00,7,51.76,-178.16,"2022-06-08 00:00:00","B"
"96",202201,54,20510,0.00,2,620.00,216,2770.00,6,51.76,-178.16,"2022-06-08 00:00:00","B"
"96",202201,54,20510,0.00,2,690.00,223,3200.00,7,51.76,-178.16,"2022-06-08 00:00:00","B"
"96",202201,131,20510,0.00,2,720.00,2631,3820.00,27,58.84,-148.92,"2022-08-09 00:00:00","B"
"96",202201,131,20510,0.00,2,620.00,2638,2090.00,9,58.84,-148.92,"2022-08-09 00:00:00","B"
"96",202201,66,20510,0.00,1,500.00,704,1060.00,6,53.73,-164.47,"2022-06-22 00:00:00","B"
"96",202201,42,20510,0.00,1,660.00,244,3270.00,6,51.77,-178.97,"2022-06-09 00:00:00","B"
"96",202201,104,20510,0.00,2,670.00,1450,3120.00,9,55.98,-135.43,"2022-07-12 00:00:00","B"
"96",202201,130,20510,0.00,1,510.00,2659,1260.00,4,58.77,-148.91,"2022-08-09 00:00:00","B"
"96",202201,89,20510,0.00,2,740.00,2397,4490.00,12,59.26,-146.85,"2022-08-05 00:00:00","B"
"96",202201,89,20510,0.00,2,650.00,2414,2690.00,6,59.26,-146.85,"2022-08-05 00:00:00","B"
"96",202201,82,20510,0.00,1,600.00,3062,2460.00,6,57.39,-150.57,"2022-08-15 00:00:00","B"
"96",202201,95,20510,0.00,1,730.00,2016,4590.00,20,59.05,-141.50,"2022-07-24 00:00:00","B"
"96",202201,89,20510,0.00,2,670.00,2425,3050.00,5,59.26,-146.85,"2022-08-05 00:00:00","B"
"96",202201,94,20510,0.00,2,700.00,2043,3450.00,8,59.39,-142.16,"2022-07-25 00:00:00","B"
"96",202201,94,20510,0.00,1,630.00,2045,3110.00,6,59.39,-142.16,"2022-07-25 00:00:00","B"
"96",202201,88,20510,0.00,1,490.00,2451,1090.00,5,59.15,-147.60,"2022-08-06 00:00:00","B"
"96",202201,94,20510,0.00,2,630.00,2058,2770.00,5,59.39,-142.16,"2022-07-25 00:00:00","B"
"96",202201,88,20510,0.00,2,700.00,2482,3130.00,6,59.15,-147.60,"2022-08-06 00:00:00","B"
"96",202201,93,20510,0.00,2,660.00,2106,3260.00,6,59.55,-142.57,"2022-07-26 00:00:00","B"
"96",202201,85,20510,0.00,2,720.00,2787,3600.00,7,58.29,-148.61,"2022-08-11 00:00:00","B"
"96",202201,85,20510,0.00,1,750.00,2800,4690.00,11,58.29,-148.61,"2022-08-11 00:00:00","B"
"96",202201,103,20510,0.00,2,640.00,1476,2390.00,7,56.38,-135.35,"2022-07-13 00:00:00","B"
"96",202201,103,20510,0.00,1,490.00,1478,1050.00,3,56.38,-135.35,"2022-07-13 00:00:00","B"
"96",202201,102,20510,0.00,1,650.00,1493,2880.00,9,56.85,-136.00,"2022-07-14 00:00:00","B"
"96",202201,102,20510,0.00,1,630.00,1505,2580.00,8,56.85,-136.00,"2022-07-14 00:00:00","B"
"96",202201,102,20510,0.00,1,530.00,1522,1660.00,5,56.85,-136.00,"2022-07-14 00:00:00","B"
"96",202201,102,20510,0.00,1,640.00,1536,2540.00,9,56.85,-136.00,"2022-07-14 00:00:00","B"
"96",202201,92,20510,0.00,2,610.00,2196,2250.00,5,59.55,-143.65,"2022-07-27 00:00:00","B"
"96",202201,128,20510,0.00,2,590.00,2873,2040.00,5,57.99,-149.84,"2022-08-13 00:00:00","B"
"96",202201,128,20510,0.00,2,660.00,2875,2870.00,7,57.99,-149.84,"2022-08-13 00:00:00","B"
"96",202201,128,20510,0.00,2,560.00,2890,1600.00,7,57.99,-149.84,"2022-08-13 00:00:00","B"
"96",202201,129,20510,0.00,1,600.00,2933,2530.00,13,58.09,-149.93,"2022-08-13 00:00:00","B"
"96",202201,129,20510,0.00,1,540.00,2935,1520.00,7,58.09,-149.93,"2022-08-13 00:00:00","B"
"96",202201,99,20510,0.00,1,640.00,1741,2860.00,7,57.88,-137.38,"2022-07-18 00:00:00","B"
"96",202201,99,20510,0.00,1,600.00,1758,2190.00,5,57.88,-137.38,"2022-07-18 00:00:00","B"
"96",202201,83,20510,0.00,1,610.00,2945,2350.00,6,57.62,-149.91,"2022-08-14 00:00:00","B"
"96",202201,83,20510,0.00,2,470.00,2962,900.00,3,57.62,-149.91,"2022-08-14 00:00:00","B"
"96",202201,99,20510,0.00,1,560.00,1769,1690.00,7,57.88,-137.38,"2022-07-18 00:00:00","B"
"96",202201,90,20510,0.00,1,610.00,2324,2050.00,5,59.50,-145.53,"2022-08-02 00:00:00","B"
"96",202201,98,20510,0.00,2,680.00,1797,3770.00,6,58.13,-138.73,"2022-07-19 00:00:00","B"
"96",202201,90,20510,0.00,2,570.00,2334,1700.00,4,59.50,-145.53,"2022-08-02 00:00:00","B"
"96",202201,135,20510,0.00,2,510.00,2351,1220.00,4,59.51,-147.15,"2022-08-03 00:00:00","B"
"96",202201,82,20510,0.00,2,570.00,3021,1890.00,5,57.39,-150.57,"2022-08-15 00:00:00","B"
"96",202201,97,20510,0.00,1,610.00,1828,2460.00,15,58.46,-139.46,"2022-07-20 00:00:00","B"
"96",202201,135,20510,0.00,1,480.00,2366,1010.00,4,59.51,-147.15,"2022-08-03 00:00:00","B"
"96",202201,135,20510,0.00,2,540.00,2368,1490.00,5,59.51,-147.15,"2022-08-03 00:00:00","B"
"96",202201,54,20510,0.00,2,630.00,197,2490.00,6,51.76,-178.16,"2022-06-08 00:00:00","B"
"96",202201,145,20510,0.00,1,560.00,1396,1990.00,6,56.03,-134.92,"2022-07-11 00:00:00","B"
"96",202201,145,20510,0.00,2,720.00,1398,3500.00,7,56.03,-134.92,"2022-07-11 00:00:00","B"
"96",202201,131,20510,0.00,1,600.00,2603,2250.00,8,58.84,-148.92,"2022-08-09 00:00:00","B"
"96",202201,131,20510,0.00,2,700.00,2605,4150.00,15,58.84,-148.92,"2022-08-09 00:00:00","B"
"96",202201,131,20510,0.00,2,560.00,2622,1860.00,5,58.84,-148.92,"2022-08-09 00:00:00","B"
"96",202201,54,20510,0.00,2,640.00,202,3170.00,8,51.76,-178.16,"2022-06-08 00:00:00","B"
"96",202201,54,20510,0.00,2,660.00,204,2840.00,7,51.76,-178.16,"2022-06-08 00:00:00","B"
"96",202201,54,20510,0.00,2,780.00,221,4910.00,7,51.76,-178.16,"2022-06-08 00:00:00","B"
"96",202201,131,20510,0.00,2,660.00,2628,2870.00,10,58.84,-148.92,"2022-08-09 00:00:00","B"
"96",202201,130,20510,0.00,2,570.00,2641,1700.00,4,58.77,-148.91,"2022-08-09 00:00:00","B"
"96",202201,130,20510,0.00,2,540.00,2643,1610.00,7,58.77,-148.91,"2022-08-09 00:00:00","B"
"96",202201,89,20510,0.00,2,660.00,2406,3610.00,6,59.26,-146.85,"2022-08-05 00:00:00","B"
"96",202201,82,20510,0.00,1,530.00,3052,1430.00,6,57.39,-150.57,"2022-08-15 00:00:00","B"
"96",202201,82,20510,0.00,2,540.00,3071,1460.00,4,57.39,-150.57,"2022-08-15 00:00:00","S"
"96",202201,88,20510,0.00,1,600.00,2433,2100.00,5,59.15,-147.60,"2022-08-06 00:00:00","B"
"96",202201,88,20510,0.00,1,640.00,2473,3180.00,6,59.15,-147.60,"2022-08-06 00:00:00","B"
"96",202201,87,20510,0.00,1,490.00,2491,1160.00,3,59.12,-148.65,"2022-08-07 00:00:00","S"
"96",202201,87,20510,0.00,1,540.00,2492,1480.00,6,59.12,-148.65,"2022-08-07 00:00:00","B"
"96",202201,148,20510,0.00,2,700.00,1179,3410.00,7,54.64,-132.84,"2022-07-06 00:00:00","B"
"96",202201,93,20510,0.00,1,540.00,2098,1690.00,5,59.55,-142.57,"2022-07-26 00:00:00","B"
"96",202201,87,20510,0.00,2,630.00,2501,2440.00,6,59.12,-148.65,"2022-08-07 00:00:00","B"
"96",202201,104,20510,0.00,1,570.00,1457,2070.00,8,55.98,-135.43,"2022-07-12 00:00:00","B"
"96",202201,104,20510,0.00,1,590.00,1458,1970.00,,55.98,-135.43,"2022-07-12 00:00:00",
"96",202201,103,20510,0.00,1,460.00,1472,880.00,3,56.38,-135.35,"2022-07-13 00:00:00","B"
"96",202201,93,20510,0.00,1,690.00,2128,3610.00,13,59.55,-142.57,"2022-07-26 00:00:00","B"
"96",202201,103,20510,0.00,2,640.00,1484,2630.00,8,56.38,-135.35,"2022-07-13 00:00:00","B"
"96",202201,103,20510,0.00,1,700.00,1485,3760.00,11,56.38,-135.35,"2022-07-13 00:00:00","B"
"96",202201,92,20510,0.00,2,670.00,2157,3190.00,4,59.55,-143.65,"2022-07-27 00:00:00","B"
"96",202201,84,20510,0.00,2,630.00,2826,2270.00,6,57.96,-149.17,"2022-08-12 00:00:00","B"
"96",202201,102,20510,0.00,2,540.00,1516,1590.00,7,56.85,-136.00,"2022-07-14 00:00:00","B"
"96",202201,84,20510,0.00,1,520.00,2854,1200.00,5,57.96,-149.17,"2022-08-12 00:00:00","B"
"96",202201,102,20510,0.00,1,550.00,1544,1930.00,6,56.85,-136.00,"2022-07-14 00:00:00","B"
"96",202201,136,20510,0.00,1,710.00,2218,3850.00,16,59.76,-143.71,"2022-07-31 00:00:00","B"
"96",202201,137,20510,0.00,2,650.00,2221,3000.00,6,59.71,-143.50,"2022-07-31 00:00:00","B"
"96",202201,101,20510,0.00,1,560.00,1576,1580.00,6,57.19,-136.23,"2022-07-15 00:00:00","B"
"96",202201,128,20510,0.00,2,610.00,2895,2210.00,6,57.99,-149.84,"2022-08-13 00:00:00","B"
"96",202201,128,20510,0.00,2,640.00,2896,2570.00,9,57.99,-149.84,"2022-08-13 00:00:00","B"
"96",202201,129,20510,0.00,1,620.00,2910,2830.00,11,58.09,-149.93,"2022-08-13 00:00:00","B"
"96",202201,143,20510,0.00,1,560.00,1718,1670.00,9,57.96,-137.06,"2022-07-17 00:00:00","B"
"96",202201,143,20510,0.00,2,720.00,1736,3520.00,8,57.96,-137.06,"2022-07-17 00:00:00","B"
"96",202201,143,20510,0.00,2,590.00,1737,2040.00,5,57.96,-137.06,"2022-07-17 00:00:00","B"
"96",202201,129,20510,0.00,2,610.00,2924,2430.00,6,58.09,-149.93,"2022-08-13 00:00:00","B"
"96",202201,129,20510,0.00,2,490.00,2925,1140.00,3,58.09,-149.93,"2022-08-13 00:00:00","B"
"96",202201,83,20510,0.00,1,550.00,2943,1850.00,6,57.62,-149.91,"2022-08-14 00:00:00","B"
"96",202201,91,20510,0.00,2,680.00,2283,3300.00,11,59.51,-144.72,"2022-08-01 00:00:00","B"
"96",202201,90,20510,0.00,1,620.00,2300,2700.00,7,59.50,-145.53,"2022-08-02 00:00:00","B"
"96",202201,98,20510,0.00,1,600.00,1778,2360.00,6,58.13,-138.73,"2022-07-19 00:00:00","B"
"96",202201,90,20510,0.00,1,600.00,2329,2010.00,6,59.50,-145.53,"2022-08-02 00:00:00","B"
"96",202201,83,20510,0.00,2,580.00,2984,1790.00,6,57.62,-149.91,"2022-08-14 00:00:00","B"
"96",202201,98,20510,0.00,1,460.00,1792,680.00,2,58.13,-138.73,"2022-07-19 00:00:00","B"
"96",202201,135,20510,0.00,2,520.00,2343,1370.00,5,59.51,-147.15,"2022-08-03 00:00:00","B"
"96",202201,135,20510,0.00,2,480.00,2344,1080.00,3,59.51,-147.15,"2022-08-03 00:00:00","B"
"96",202201,135,20510,0.00,1,460.00,2361,770.00,3,59.51,-147.15,"2022-08-03 00:00:00","B"
"96",202201,98,20510,0.00,1,420.00,1819,600.00,2,58.13,-138.73,"2022-07-19 00:00:00","B"
"96",202201,97,20510,0.00,1,600.00,1838,2230.00,5,58.46,-139.46,"2022-07-20 00:00:00","B"
"96",202201,82,20510,0.00,1,550.00,3045,1620.00,6,57.39,-150.57,"2022-08-15 00:00:00","B"
"96",202201,95,20510,0.00,1,560.00,1996,1710.00,4,59.05,-141.50,"2022-07-24 00:00:00","B"
"96",202201,40,20510,0.00,2,580.00,172,1750.00,6,51.96,-176.45,"2022-06-07 00:00:00","B"
"96",202201,40,20510,0.00,1,510.00,173,1210.00,8,51.96,-176.45,"2022-06-07 00:00:00","B"
"96",202201,40,20510,0.00,1,600.00,190,2280.00,5,51.96,-176.45,"2022-06-07 00:00:00","B"
"96",202201,131,20510,0.00,2,660.00,2613,2920.00,8,58.84,-148.92,"2022-08-09 00:00:00","B"
"96",202201,100,20510,0.00,1,550.00,1654,1650.00,5,57.61,-136.53,"2022-07-16 00:00:00","B"
"96",202201,142,20510,0.00,1,520.00,1671,1460.00,6,57.91,-137.00,"2022-07-17 00:00:00","B"
"96",202201,85,20510,0.00,2,610.00,2748,2270.00,4,58.29,-148.61,"2022-08-11 00:00:00","B"
"96",202201,74,20510,0.00,1,560.00,1126,1750.00,5,55.23,-156.68,"2022-06-30 00:00:00","B"
"96",202201,142,20510,0.00,2,620.00,1692,2350.00,6,57.91,-137.00,"2022-07-17 00:00:00","B"
"96",202201,35,20510,0.00,2,650.00,9,2850.00,9,53.02,-170.10,"2022-06-03 00:00:00","B"
"96",202201,68,20510,0.00,1,510.00,789,1240.00,5,54.13,-161.64,"2022-06-24 00:00:00","B"
"96",202201,73,20510,0.00,2,780.00,1069,5150.00,6,54.85,-157.74,"2022-06-29 00:00:00","B"
"96",202201,143,20510,0.00,1,600.00,1711,2270.00,5,57.96,-137.06,"2022-07-17 00:00:00","B"
"96",202201,143,20510,0.00,2,660.00,1713,3140.00,8,57.96,-137.06,"2022-07-17 00:00:00","B"
"96",202201,37,20510,0.00,1,620.00,29,2490.00,6,52.27,-173.49,"2022-06-04 00:00:00","B"
"96",202201,37,20510,0.00,1,530.00,31,1450.00,4,52.27,-173.49,"2022-06-04 00:00:00","B"
"96",202201,37,20510,0.00,1,510.00,46,1210.00,7,52.27,-173.49,"2022-06-04 00:00:00","B"
"96",202201,74,20510,0.00,2,590.00,1088,1930.00,6,55.23,-156.68,"2022-06-30 00:00:00","B"
"96",202201,74,20510,0.00,1,580.00,1105,1820.00,5,55.23,-156.68,"2022-06-30 00:00:00","B"
"96",202201,71,20510,0.00,2,550.00,927,1730.00,8,54.50,-159.26,"2022-06-27 00:00:00","B"
"96",202201,97,20510,0.00,2,680.00,1863,3670.00,17,58.46,-139.46,"2022-07-20 00:00:00","B"
"96",202201,138,20510,0.00,2,430.00,1880,780.00,2,59.41,-140.94,"2022-07-22 00:00:00","B"
"96",202201,37,20510,0.00,2,470.00,51,990.00,7,52.27,-173.49,"2022-06-04 00:00:00","B"
"96",202201,37,20510,0.00,2,490.00,53,1250.00,4,52.27,-173.49,"2022-06-04 00:00:00","B"
"96",202201,71,20510,0.00,1,570.00,940,1830.00,6,54.50,-159.26,"2022-06-27 00:00:00","B"
"96",202201,38,20510,0.00,1,540.00,81,1900.00,10,52.25,-174.84,"2022-06-05 00:00:00","B"
"96",202201,38,20510,0.00,2,660.00,98,3240.00,5,52.25,-174.84,"2022-06-05 00:00:00","B"
"96",202201,38,20510,0.00,1,590.00,100,2190.00,7,52.25,-174.84,"2022-06-05 00:00:00","B"
"96",202201,71,20510,0.00,1,640.00,973,2220.00,7,54.50,-159.26,"2022-06-27 00:00:00","B"
"96",202201,38,20510,0.00,1,560.00,112,1980.00,6,52.25,-174.84,"2022-06-05 00:00:00","B"
"96",202201,39,20510,0.00,2,650.00,127,2770.00,5,52.13,-175.56,"2022-06-06 00:00:00","B"
"96",202201,53,20510,0.00,1,500.00,271,1200.00,6,51.40,-178.62,"2022-06-10 00:00:00","B"
"96",202201,53,20510,0.00,1,500.00,273,1220.00,6,51.40,-178.62,"2022-06-10 00:00:00","B"
"96",202201,95,20510,0.00,1,590.00,1969,2200.00,6,59.05,-141.50,"2022-07-24 00:00:00","B"
"96",202201,88,20510,0.00,1,600.00,2515,2260.00,6,59.15,-147.60,"2022-08-06 00:00:00","B"
"96",202201,55,20510,0.00,1,590.00,302,1860.00,7,51.59,-177.61,"2022-06-11 00:00:00","B"
"96",202201,57,20510,0.00,2,550.00,315,1580.00,6,51.73,-176.00,"2022-06-12 00:00:00","B"
"96",202201,57,20510,0.00,2,530.00,330,1320.00,5,51.73,-176.00,"2022-06-12 00:00:00","B"
"96",202201,57,20510,0.00,1,490.00,332,1040.00,6,51.73,-176.00,"2022-06-12 00:00:00","B"
"96",202201,105,20510,0.00,1,580.00,1335,2010.00,5,55.56,-134.96,"2022-07-10 00:00:00","B"
"96",202201,105,20510,0.00,1,570.00,1337,1890.00,6,55.56,-134.96,"2022-07-10 00:00:00","B"
"96",202201,105,20510,0.00,1,540.00,1352,1420.00,5,55.56,-134.96,"2022-07-10 00:00:00","B"
"96",202201,58,20510,0.00,2,500.00,344,1190.00,9,51.85,-175.12,"2022-06-13 00:00:00","B"
"96",202201,58,20510,0.00,2,550.00,346,1830.00,6,51.85,-175.12,"2022-06-13 00:00:00","B"
"96",202201,58,20510,0.00,2,660.00,359,2740.00,9,51.85,-175.12,"2022-06-13 00:00:00","B"
"96",202201,60,20510,0.00,2,700.00,361,3990.00,9,51.91,-173.49,"2022-06-14 00:00:00","B"
"96",202201,60,20510,0.00,2,690.00,363,3180.00,8,51.91,-173.49,"2022-06-14 00:00:00","B"
"96",202201,144,20510,0.00,1,720.00,1370,3900.00,9,55.93,-134.89,"2022-07-11 00:00:00","B"
"96",202201,133,20510,0.00,2,540.00,2577,1670.00,9,58.95,-149.51,"2022-08-08 00:00:00","B"
"96",202201,133,20510,0.00,1,500.00,2594,1230.00,4,58.95,-149.51,"2022-08-08 00:00:00","B"
"96",202201,133,20510,0.00,1,480.00,2596,900.00,3,58.95,-149.51,"2022-08-08 00:00:00","B"
"96",202201,60,20510,0.00,2,740.00,380,4330.00,7,51.91,-173.49,"2022-06-14 00:00:00","B"
"96",202201,60,20510,0.00,2,700.00,382,3390.00,5,51.91,-173.49,"2022-06-14 00:00:00","B"
"96",202201,39,20510,0.00,1,510.00,147,1350.00,4,52.13,-175.56,"2022-06-06 00:00:00","B"
"96",202201,104,20510,0.00,1,530.00,1445,1430.00,4,55.98,-135.43,"2022-07-12 00:00:00","B"
"96",202201,86,20510,0.00,1,570.00,2668,1870.00,5,58.68,-148.33,"2022-08-10 00:00:00","B"
"96",202201,53,20510,0.00,1,550.00,260,1700.00,6,51.40,-178.62,"2022-06-10 00:00:00","B"
"96",202201,63,20510,0.00,1,650.00,537,2880.00,7,52.96,-168.13,"2022-06-20 00:00:00","B"
"96",202201,67,20510,0.00,2,680.00,741,3110.00,6,53.97,-163.27,"2022-06-23 00:00:00","B"
"96",202201,67,20510,0.00,2,650.00,755,3130.00,5,53.97,-163.27,"2022-06-23 00:00:00","B"
"96",202201,100,20510,0.00,1,490.00,1627,1090.00,3,57.61,-136.53,"2022-07-16 00:00:00","B"
"96",202201,85,20510,0.00,1,600.00,2730,2200.00,8,58.29,-148.61,"2022-08-11 00:00:00","B"
"96",202201,63,20510,0.00,1,530.00,581,1580.00,6,52.96,-168.13,"2022-06-20 00:00:00","B"
"96",202201,85,20510,0.00,1,580.00,2752,1970.00,4,58.29,-148.61,"2022-08-11 00:00:00","B"
"96",202201,142,20510,0.00,2,680.00,1681,2990.00,6,57.91,-137.00,"2022-07-17 00:00:00","B"
"96",202201,142,20510,0.00,1,640.00,1688,2580.00,8,57.91,-137.00,"2022-07-17 00:00:00","B"
"96",202201,35,20510,0.00,2,620.00,1,2230.00,5,53.02,-170.10,"2022-06-03 00:00:00","B"
"96",202201,35,20510,0.00,1,620.00,5,2630.00,8,53.02,-170.10,"2022-06-03 00:00:00","B"
"96",202201,35,20510,0.00,2,630.00,12,2660.00,5,53.02,-170.10,"2022-06-03 00:00:00","B"
"96",202201,37,20510,0.00,1,530.00,19,1300.00,6,52.27,-173.49,"2022-06-04 00:00:00","B"
"96",202201,143,20510,0.00,2,640.00,1716,2510.00,7,57.96,-137.06,"2022-07-17 00:00:00","B"
"96",202201,37,20510,0.00,1,550.00,34,1720.00,7,52.27,-173.49,"2022-06-04 00:00:00","B"
"96",202201,138,20510,0.00,2,420.00,1877,700.00,3,59.41,-140.94,"2022-07-22 00:00:00","B"
"96",202201,37,20510,0.00,1,470.00,56,940.00,4,52.27,-173.49,"2022-06-04 00:00:00","B"
"96",202201,37,20510,0.00,1,520.00,63,1350.00,5,52.27,-173.49,"2022-06-04 00:00:00","B"
"96",202201,38,20510,0.00,1,510.00,74,1350.00,5,52.25,-174.84,"2022-06-05 00:00:00","B"
"96",202201,71,20510,0.00,2,580.00,955,2200.00,6,54.50,-159.26,"2022-06-27 00:00:00","B"
"96",202201,38,20510,0.00,2,580.00,96,2080.00,8,52.25,-174.84,"2022-06-05 00:00:00","B"
"96",202201,71,20510,0.00,2,650.00,965,2870.00,16,54.50,-159.26,"2022-06-27 00:00:00","B"
"96",202201,72,20510,0.00,2,580.00,983,1850.00,5,54.63,-158.58,"2022-06-28 00:00:00","B"
"96",202201,96,20510,0.00,2,760.00,1928,4170.00,8,58.68,-140.64,"2022-07-23 00:00:00","B"
"96",202201,38,20510,0.00,2,700.00,117,3730.00,8,52.25,-174.84,"2022-06-05 00:00:00","B"
"96",202201,72,20510,0.00,2,600.00,1014,1890.00,6,54.63,-158.58,"2022-06-28 00:00:00","B"
"96",202201,53,20510,0.00,1,480.00,268,1130.00,4,51.40,-178.62,"2022-06-10 00:00:00","B"
"96",202201,72,20510,0.00,1,590.00,1016,2170.00,7,54.63,-158.58,"2022-06-28 00:00:00","B"
"96",202201,53,20510,0.00,2,630.00,289,2580.00,10,51.40,-178.62,"2022-06-10 00:00:00","B"
"96",202201,55,20510,0.00,1,560.00,296,1700.00,6,51.59,-177.61,"2022-06-11 00:00:00","B"
"96",202201,88,20510,0.00,2,620.00,2524,2550.00,5,59.15,-147.60,"2022-08-06 00:00:00","B"
"96",202201,57,20510,0.00,1,510.00,318,1370.00,8,51.73,-176.00,"2022-06-12 00:00:00","B"
"96",202201,57,20510,0.00,1,480.00,329,1040.00,7,51.73,-176.00,"2022-06-12 00:00:00","B"
"96",202201,105,20510,0.00,1,540.00,1341,1730.00,6,55.56,-134.96,"2022-07-10 00:00:00","B"
"96",202201,105,20510,0.00,1,660.00,1348,2880.00,9,55.56,-134.96,"2022-07-10 00:00:00","B"
"96",202201,132,20510,0.00,1,450.00,2556,820.00,,59.08,-149.40,"2022-08-08 00:00:00",
"96",202201,133,20510,0.00,2,490.00,2570,1060.00,3,58.95,-149.51,"2022-08-08 00:00:00","B"
"96",202201,58,20510,0.00,2,620.00,350,2310.00,11,51.85,-175.12,"2022-06-13 00:00:00","B"
"96",202201,58,20510,0.00,1,660.00,357,3270.00,12,51.85,-175.12,"2022-06-13 00:00:00","B"
"96",202201,60,20510,0.00,2,640.00,364,2740.00,4,51.91,-173.49,"2022-06-14 00:00:00","B"
"96",202201,39,20510,0.00,1,500.00,141,1120.00,4,52.13,-175.56,"2022-06-06 00:00:00","B"
"96",202201,133,20510,0.00,1,530.00,2584,1530.00,6,58.95,-149.51,"2022-08-08 00:00:00","B"
"96",202201,60,20510,0.00,2,660.00,375,2740.00,5,51.91,-173.49,"2022-06-14 00:00:00","B"
"96",202201,61,20510,0.00,2,630.00,386,2630.00,10,52.38,-170.31,"2022-06-16 00:00:00","B"
"96",202201,61,20510,0.00,2,670.00,393,3570.00,5,52.38,-170.31,"2022-06-16 00:00:00","B"
"96",202201,39,20510,0.00,1,560.00,150,1610.00,5,52.13,-175.56,"2022-06-06 00:00:00","B"
"96",202201,39,20510,0.00,2,590.00,161,2350.00,8,52.13,-175.56,"2022-06-06 00:00:00","B"
"96",202201,54,20510,0.00,2,660.00,208,3060.00,6,51.76,-178.16,"2022-06-08 00:00:00","B"
"96",202201,54,20510,0.00,1,680.00,215,3150.00,8,51.76,-178.16,"2022-06-08 00:00:00","B"
"96",202201,130,20510,0.00,2,630.00,2639,2440.00,5,58.77,-148.91,"2022-08-09 00:00:00","B"
"96",202201,54,20510,0.00,1,570.00,227,2010.00,5,51.76,-178.16,"2022-06-08 00:00:00","B"
"96",202201,42,20510,0.00,2,660.00,236,2920.00,6,51.77,-178.97,"2022-06-09 00:00:00","B"
"96",202201,101,20510,0.00,1,540.00,1590,1610.00,6,57.19,-136.23,"2022-07-15 00:00:00","B"
"96",202201,67,20510,0.00,2,610.00,734,2060.00,6,53.97,-163.27,"2022-06-23 00:00:00","B"
"96",202201,53,20510,0.00,1,560.00,257,1360.00,7,51.40,-178.62,"2022-06-10 00:00:00","B"
"96",202201,53,20510,0.00,2,560.00,259,1770.00,6,51.40,-178.62,"2022-06-10 00:00:00","B"
"96",202201,86,20510,0.00,2,640.00,2680,2860.00,7,58.68,-148.33,"2022-08-10 00:00:00","B"
"96",202201,86,20510,0.00,1,630.00,2682,2530.00,7,58.68,-148.33,"2022-08-10 00:00:00","B"
"96",202201,68,20510,0.00,1,530.00,780,1410.00,3,54.13,-161.64,"2022-06-24 00:00:00","B"
"96",202201,65,20510,0.00,2,490.00,591,1030.00,3,53.58,-165.68,"2022-06-21 00:00:00","B"
"96",202201,142,20510,0.00,1,610.00,1680,2380.00,5,57.91,-137.00,"2022-07-17 00:00:00","B"
"96",202201,142,20510,0.00,1,540.00,1687,1690.00,6,57.91,-137.00,"2022-07-17 00:00:00","B"
"96",202201,35,20510,0.00,2,640.00,2,2660.00,6,53.02,-170.10,"2022-06-03 00:00:00","B"
"96",202201,35,20510,0.00,2,680.00,4,3300.00,6,53.02,-170.10,"2022-06-03 00:00:00","B"
"96",202201,73,20510,0.00,2,810.00,1074,5530.00,11,54.85,-157.74,"2022-06-29 00:00:00","B"
"96",202201,143,20510,0.00,1,590.00,1701,1740.00,5,57.96,-137.06,"2022-07-17 00:00:00","B"
"96",202201,143,20510,0.00,1,590.00,1710,2350.00,7,57.96,-137.06,"2022-07-17 00:00:00","B"
"96",202201,37,20510,0.00,2,560.00,24,1590.00,5,52.27,-173.49,"2022-06-04 00:00:00","B"
"96",202201,37,20510,0.00,2,520.00,26,1430.00,6,52.27,-173.49,"2022-06-04 00:00:00","B"
"96",202201,74,20510,0.00,2,630.00,1093,2640.00,6,55.23,-156.68,"2022-06-30 00:00:00","B"
"96",202201,97,20510,0.00,2,640.00,1858,2920.00,8,58.46,-139.46,"2022-07-20 00:00:00","B"
"96",202201,37,20510,0.00,2,630.00,48,2780.00,7,52.27,-173.49,"2022-06-04 00:00:00","B"
"96",202201,38,20510,0.00,2,550.00,71,1590.00,6,52.25,-174.84,"2022-06-05 00:00:00","B"
"96",202201,38,20510,0.00,1,520.00,73,1300.00,6,52.25,-174.84,"2022-06-05 00:00:00","B"
"96",202201,71,20510,0.00,2,680.00,945,3020.00,7,54.50,-159.26,"2022-06-27 00:00:00","B"
"96",202201,139,20510,0.00,2,600.00,1896,2250.00,7,59.41,-141.17,"2022-07-22 00:00:00","B"
"96",202201,139,20510,0.00,2,640.00,1898,2710.00,7,59.41,-141.17,"2022-07-22 00:00:00","B"
"96",202201,38,20510,0.00,1,520.00,86,1300.00,6,52.25,-174.84,"2022-06-05 00:00:00","B"
"96",202201,38,20510,0.00,2,510.00,88,1160.00,6,52.25,-174.84,"2022-06-05 00:00:00","B"
"96",202201,38,20510,0.00,2,660.00,93,2790.00,8,52.25,-174.84,"2022-06-05 00:00:00","B"
"96",202201,38,20510,0.00,1,520.00,95,1410.00,,52.25,-174.84,"2022-06-05 00:00:00",
"96",202201,96,20510,0.00,2,600.00,1913,2180.00,4,58.68,-140.64,"2022-07-23 00:00:00","B"
"96",202201,38,20510,0.00,2,720.00,107,3600.00,10,52.25,-174.84,"2022-06-05 00:00:00","B"
"96",202201,38,20510,0.00,2,690.00,109,3180.00,7,52.25,-174.84,"2022-06-05 00:00:00","B"
"96",202201,72,20510,0.00,2,630.00,1013,2630.00,6,54.63,-158.58,"2022-06-28 00:00:00","B"
"96",202201,96,20510,0.00,2,730.00,1958,3950.00,18,58.68,-140.64,"2022-07-23 00:00:00","B"
"96",202201,53,20510,0.00,1,540.00,276,1480.00,6,51.40,-178.62,"2022-06-10 00:00:00","B"
"96",202201,53,20510,0.00,2,550.00,283,1560.00,5,51.40,-178.62,"2022-06-10 00:00:00","B"
"96",202201,53,20510,0.00,2,600.00,285,2590.00,7,51.40,-178.62,"2022-06-10 00:00:00","B"
"96",202201,72,20510,0.00,1,580.00,1015,2410.00,7,54.63,-158.58,"2022-06-28 00:00:00","B"
"96",202201,87,20510,0.00,1,540.00,2505,1900.00,6,59.12,-148.65,"2022-08-07 00:00:00","B"
"96",202201,88,20510,0.00,1,450.00,2512,810.00,3,59.15,-147.60,"2022-08-06 00:00:00","S"
"96",202201,53,20510,0.00,1,620.00,290,2230.00,6,51.40,-178.62,"2022-06-10 00:00:00","B"
"96",202201,57,20510,0.00,1,470.00,337,960.00,7,51.73,-176.00,"2022-06-12 00:00:00","B"
"96",202201,105,20510,0.00,2,440.00,1347,720.00,3,55.56,-134.96,"2022-07-10 00:00:00","B"
"96",202201,132,20510,0.00,1,450.00,2562,890.00,3,59.08,-149.40,"2022-08-08 00:00:00","B"
"96",202201,132,20510,0.00,2,500.00,2564,1250.00,5,59.08,-149.40,"2022-08-08 00:00:00","B"
"96",202201,54,20510,0.00,1,580.00,224,2350.00,10,51.76,-178.16,"2022-06-08 00:00:00","B"
"96",202201,42,20510,0.00,2,620.00,245,2320.00,7,51.77,-178.97,"2022-06-09 00:00:00","B"
"96",202201,104,20510,0.00,2,490.00,1444,1160.00,6,55.98,-135.43,"2022-07-12 00:00:00","B"
"96",202201,86,20510,0.00,1,580.00,2667,2100.00,5,58.68,-148.33,"2022-08-10 00:00:00","B"
"96",202201,86,20510,0.00,2,590.00,2669,2030.00,6,58.68,-148.33,"2022-08-10 00:00:00","B"
"96",202201,63,20510,0.00,2,630.00,538,2320.00,6,52.96,-168.13,"2022-06-20 00:00:00","B"
"96",202201,101,20510,0.00,1,590.00,1597,2140.00,4,57.19,-136.23,"2022-07-15 00:00:00","B"
"96",202201,86,20510,0.00,1,570.00,2691,2050.00,6,58.68,-148.33,"2022-08-10 00:00:00","S"
"96",202201,67,20510,0.00,2,750.00,747,4030.00,6,53.97,-163.27,"2022-06-23 00:00:00","B"
"96",202201,67,20510,0.00,2,550.00,749,1540.00,4,53.97,-163.27,"2022-06-23 00:00:00","B"
"96",202201,100,20510,0.00,1,500.00,1626,1180.00,4,57.61,-136.53,"2022-07-16 00:00:00","B"
"96",202201,86,20510,0.00,2,790.00,2711,4900.00,22,58.68,-148.33,"2022-08-10 00:00:00","B"
"96",202201,86,20510,0.00,2,780.00,2720,4920.00,,58.68,-148.33,"2022-08-10 00:00:00",
"96",202201,63,20510,0.00,1,540.00,582,1800.00,7,52.96,-168.13,"2022-06-20 00:00:00","B"
"96",202201,100,20510,0.00,2,650.00,1650,2810.00,6,57.61,-136.53,"2022-07-16 00:00:00","B"
"96",202201,85,20510,0.00,2,660.00,2733,3320.00,5,58.29,-148.61,"2022-08-11 00:00:00","B"
"96",202201,74,20510,0.00,2,680.00,1120,3180.00,8,55.23,-156.68,"2022-06-30 00:00:00","B"
"96",202201,65,20510,0.00,2,540.00,603,1520.00,4,53.58,-165.68,"2022-06-21 00:00:00","B"
"96",202201,35,20510,0.00,1,530.00,11,1430.00,5,53.02,-170.10,"2022-06-03 00:00:00","S"
"96",202201,35,20510,0.00,2,680.00,18,3660.00,6,53.02,-170.10,"2022-06-03 00:00:00","B"
"96",202201,37,20510,0.00,2,540.00,20,1420.00,3,52.27,-173.49,"2022-06-04 00:00:00","S"
"96",202201,143,20510,0.00,2,650.00,1717,2810.00,6,57.96,-137.06,"2022-07-17 00:00:00","B"
"96",202201,97,20510,0.00,2,640.00,1855,2640.00,7,58.46,-139.46,"2022-07-20 00:00:00","B"
"96",202201,37,20510,0.00,2,490.00,33,1150.00,5,52.27,-173.49,"2022-06-04 00:00:00","B"
"96",202201,37,20510,0.00,1,470.00,35,1010.00,5,52.27,-173.49,"2022-06-04 00:00:00","B"
"96",202201,37,20510,0.00,2,520.00,40,1520.00,6,52.27,-173.49,"2022-06-04 00:00:00","B"
"96",202201,37,20510,0.00,2,520.00,42,1260.00,6,52.27,-173.49,"2022-06-04 00:00:00","B"
"96",202201,37,20510,0.00,2,510.00,44,1180.00,6,52.27,-173.49,"2022-06-04 00:00:00","B"
"96",202201,74,20510,0.00,1,510.00,1084,1260.00,5,55.23,-156.68,"2022-06-30 00:00:00","B"
"96",202201,66,20510,0.00,1,450.00,645,870.00,4,53.73,-164.47,"2022-06-22 00:00:00","B"
"96",202201,71,20510,0.00,2,530.00,925,1400.00,3,54.50,-159.26,"2022-06-27 00:00:00","B"
"96",202201,97,20510,0.00,1,630.00,1867,2600.00,7,58.46,-139.46,"2022-07-20 00:00:00","B"
"96",202201,97,20510,0.00,2,460.00,1874,870.00,4,58.46,-139.46,"2022-07-20 00:00:00","B"
"96",202201,138,20510,0.00,2,470.00,1876,960.00,4,59.41,-140.94,"2022-07-22 00:00:00","B"
"96",202201,37,20510,0.00,1,520.00,57,1340.00,8,52.27,-173.49,"2022-06-04 00:00:00","B"
"96",202201,37,20510,0.00,1,570.00,64,2000.00,6,52.27,-173.49,"2022-06-04 00:00:00","B"
"96",202201,37,20510,0.00,1,500.00,66,1150.00,4,52.27,-173.49,"2022-06-04 00:00:00","B"
"96",202201,138,20510,0.00,1,410.00,1891,720.00,3,59.41,-140.94,"2022-07-22 00:00:00","B"
"96",202201,72,20510,0.00,2,670.00,982,3080.00,6,54.63,-158.58,"2022-06-28 00:00:00","B"
"96",202201,72,20510,0.00,1,560.00,984,1730.00,9,54.63,-158.58,"2022-06-28 00:00:00","B"
"96",202201,96,20510,0.00,2,660.00,1927,3230.00,7,58.68,-140.64,"2022-07-23 00:00:00","B"
"96",202201,38,20510,0.00,2,610.00,114,2050.00,5,52.25,-174.84,"2022-06-05 00:00:00","B"
"96",202201,38,20510,0.00,2,610.00,116,2170.00,5,52.25,-174.84,"2022-06-05 00:00:00","B"
"96",202201,38,20510,0.00,2,610.00,118,2430.00,6,52.25,-174.84,"2022-06-05 00:00:00","B"
"96",202201,39,20510,0.00,2,580.00,123,1860.00,6,52.13,-175.56,"2022-06-06 00:00:00","B"
"96",202201,39,20510,0.00,2,750.00,125,4640.00,8,52.13,-175.56,"2022-06-06 00:00:00","B"
"96",202201,39,20510,0.00,2,700.00,130,3470.00,7,52.13,-175.56,"2022-06-06 00:00:00","B"
"96",202201,53,20510,0.00,2,600.00,267,2220.00,7,51.40,-178.62,"2022-06-10 00:00:00","B"
"96",202201,53,20510,0.00,1,490.00,269,980.00,5,51.40,-178.62,"2022-06-10 00:00:00","B"
"96",202201,72,20510,0.00,2,820.00,1033,6380.00,9,54.63,-158.58,"2022-06-28 00:00:00","B"
"96",202201,104,20510,0.00,1,610.00,1407,1900.00,7,55.98,-135.43,"2022-07-12 00:00:00","B"
"96",202201,104,20510,0.00,1,650.00,1408,2860.00,13,55.98,-135.43,"2022-07-12 00:00:00","B"
"96",202201,104,20510,0.00,1,620.00,1429,2280.00,4,55.98,-135.43,"2022-07-12 00:00:00","B"
"96",202201,131,20510,0.00,1,530.00,2633,1520.00,7,58.84,-148.92,"2022-08-09 00:00:00","B"
"96",202201,131,20510,0.00,1,620.00,2636,2580.00,9,58.84,-148.92,"2022-08-09 00:00:00","B"
"96",202201,130,20510,0.00,2,560.00,2651,1730.00,4,58.77,-148.91,"2022-08-09 00:00:00","B"
"96",202201,54,20510,0.00,1,620.00,231,2670.00,6,51.76,-178.16,"2022-06-08 00:00:00","B"
"96",202201,54,20510,0.00,1,550.00,232,1640.00,13,51.76,-178.16,"2022-06-08 00:00:00","B"
"96",202201,42,20510,0.00,2,780.00,249,5390.00,14,51.77,-178.97,"2022-06-09 00:00:00","B"
"96",202201,130,20510,0.00,2,560.00,2654,1750.00,4,58.77,-148.91,"2022-08-09 00:00:00","B"
"96",202201,130,20510,0.00,1,490.00,2657,1050.00,3,58.77,-148.91,"2022-08-09 00:00:00","B"
"96",202201,67,20510,0.00,1,590.00,722,2110.00,6,53.97,-163.27,"2022-06-23 00:00:00","B"
"96",202201,42,20510,0.00,1,540.00,253,1510.00,4,51.77,-178.97,"2022-06-09 00:00:00","B"
"96",202201,53,20510,0.00,2,700.00,256,3720.00,4,51.40,-178.62,"2022-06-10 00:00:00","B"
"96",202201,63,20510,0.00,2,580.00,534,2370.00,6,52.96,-168.13,"2022-06-20 00:00:00","B"
"96",202201,101,20510,0.00,1,570.00,1602,1690.00,7,57.19,-136.23,"2022-07-15 00:00:00","B"
"96",202201,100,20510,0.00,1,540.00,1616,1700.00,4,57.61,-136.53,"2022-07-16 00:00:00","B"
"96",202201,67,20510,0.00,1,570.00,759,1950.00,5,53.97,-163.27,"2022-06-23 00:00:00","B"
"96",202201,100,20510,0.00,1,530.00,1623,1680.00,6,57.61,-136.53,"2022-07-16 00:00:00","B"
"96",202201,100,20510,0.00,1,640.00,1624,2590.00,5,57.61,-136.53,"2022-07-16 00:00:00","B"
"96",202201,67,20510,0.00,2,640.00,766,3410.00,7,53.97,-163.27,"2022-06-23 00:00:00","B"
"96",202201,74,20510,0.00,2,620.00,1118,2520.00,7,55.23,-156.68,"2022-06-30 00:00:00","B"
"96",202201,65,20510,0.00,2,640.00,598,2820.00,5,53.58,-165.68,"2022-06-21 00:00:00","B"
"96",202201,142,20510,0.00,1,550.00,1685,1800.00,7,57.91,-137.00,"2022-07-17 00:00:00","B"
"96",202201,142,20510,0.00,2,630.00,1698,2550.00,8,57.91,-137.00,"2022-07-17 00:00:00","B"
"96",202201,85,20510,0.00,1,540.00,2760,1420.00,5,58.29,-148.61,"2022-08-11 00:00:00","B"
"96",202201,35,20510,0.00,1,590.00,15,2070.00,5,53.02,-170.10,"2022-06-03 00:00:00","B"
"96",202201,35,20510,0.00,1,640.00,16,2630.00,9,53.02,-170.10,"2022-06-03 00:00:00","B"
"96",202201,73,20510,0.00,1,590.00,1061,1880.00,6,54.85,-157.74,"2022-06-29 00:00:00","B"
"96",202201,65,20510,0.00,1,550.00,619,1640.00,9,53.58,-165.68,"2022-06-21 00:00:00","B"
"96",202201,65,20510,0.00,1,570.00,620,1950.00,7,53.58,-165.68,"2022-06-21 00:00:00","B"
"96",202201,143,20510,0.00,1,570.00,1706,1920.00,6,57.96,-137.06,"2022-07-17 00:00:00","B"
"96",202201,97,20510,0.00,1,620.00,1849,2420.00,7,58.46,-139.46,"2022-07-20 00:00:00","B"
"96",202201,37,20510,0.00,1,480.00,23,1270.00,9,52.27,-173.49,"2022-06-04 00:00:00","B"
"96",202201,37,20510,0.00,1,480.00,37,1110.00,7,52.27,-173.49,"2022-06-04 00:00:00","B"
"96",202201,37,20510,0.00,1,580.00,38,1790.00,6,52.27,-173.49,"2022-06-04 00:00:00","B"
"96",202201,74,20510,0.00,2,640.00,1082,2730.00,6,55.23,-156.68,"2022-06-30 00:00:00","B"
"96",202201,74,20510,0.00,1,600.00,1099,2250.00,9,55.23,-156.68,"2022-06-30 00:00:00","B"
"96",202201,97,20510,0.00,1,580.00,1856,2020.00,8,58.46,-139.46,"2022-07-20 00:00:00","B"
"96",202201,37,20510,0.00,1,480.00,60,1360.00,8,52.27,-173.49,"2022-06-04 00:00:00","B"
"96",202201,138,20510,0.00,2,540.00,1885,1470.00,3,59.41,-140.94,"2022-07-22 00:00:00","B"
"96",202201,139,20510,0.00,2,530.00,1903,1370.00,4,59.41,-141.17,"2022-07-22 00:00:00","B"
"96",202201,38,20510,0.00,2,760.00,75,4870.00,8,52.25,-174.84,"2022-06-05 00:00:00","B"
"96",202201,38,20510,0.00,2,520.00,89,1360.00,5,52.25,-174.84,"2022-06-05 00:00:00","B"
"96",202201,38,20510,0.00,1,580.00,92,1910.00,5,52.25,-174.84,"2022-06-05 00:00:00","B"
"96",202201,38,20510,0.00,2,620.00,102,2410.00,6,52.25,-174.84,"2022-06-05 00:00:00","B"
"96",202201,38,20510,0.00,2,560.00,103,1760.00,8,52.25,-174.84,"2022-06-05 00:00:00","B"
"96",202201,38,20510,0.00,2,630.00,121,2830.00,6,52.25,-174.84,"2022-06-05 00:00:00","B"
"96",202201,72,20510,0.00,2,650.00,1006,2950.00,5,54.63,-158.58,"2022-06-28 00:00:00","B"
"96",202201,53,20510,0.00,2,530.00,265,1400.00,8,51.40,-178.62,"2022-06-10 00:00:00","B"
"96",202201,66,20510,0.00,1,510.00,691,1300.00,3,53.73,-164.47,"2022-06-22 00:00:00","B"
"96",202201,54,20510,0.00,1,550.00,225,1570.00,7,51.76,-178.16,"2022-06-08 00:00:00","B"
"96",202201,42,20510,0.00,2,610.00,240,2460.00,6,51.77,-178.97,"2022-06-09 00:00:00","B"
"96",202201,42,20510,0.00,2,610.00,242,2290.00,4,51.77,-178.97,"2022-06-09 00:00:00","B"
"96",202201,66,20510,0.00,2,570.00,711,1720.00,6,53.73,-164.47,"2022-06-22 00:00:00","B"
"96",202201,67,20510,0.00,2,620.00,730,2510.00,6,53.97,-163.27,"2022-06-23 00:00:00","B"
"96",202201,100,20510,0.00,1,650.00,1609,2960.00,9,57.61,-136.53,"2022-07-16 00:00:00","B"
"96",202201,100,20510,0.00,2,600.00,1611,2250.00,7,57.61,-136.53,"2022-07-16 00:00:00","B"
"96",202201,63,20510,0.00,2,590.00,546,2210.00,5,52.96,-168.13,"2022-06-20 00:00:00","B"
"96",202201,63,20510,0.00,2,560.00,563,1790.00,7,52.96,-168.13,"2022-06-20 00:00:00","B"
"96",202201,63,20510,0.00,2,620.00,565,3060.00,6,52.96,-168.13,"2022-06-20 00:00:00","B"
"96",202201,86,20510,0.00,2,700.00,2708,3840.00,6,58.68,-148.33,"2022-08-10 00:00:00","B"
"96",202201,63,20510,0.00,1,600.00,572,2410.00,7,52.96,-168.13,"2022-06-20 00:00:00","B"
"96",202201,65,20510,0.00,2,550.00,587,1410.00,5,53.58,-165.68,"2022-06-21 00:00:00","B"
"96",202201,142,20510,0.00,1,550.00,1670,1950.00,5,57.91,-137.00,"2022-07-17 00:00:00","B"
"96",202201,142,20510,0.00,1,480.00,1672,1120.00,3,57.91,-137.00,"2022-07-17 00:00:00","B"
"96",202201,85,20510,0.00,1,560.00,2747,1620.00,7,58.29,-148.61,"2022-08-11 00:00:00","B"
"96",202201,74,20510,0.00,1,560.00,1106,1720.00,7,55.23,-156.68,"2022-06-30 00:00:00","B"
"96",202201,74,20510,0.00,2,630.00,1125,2370.00,8,55.23,-156.68,"2022-06-30 00:00:00","B"
"96",202201,65,20510,0.00,2,550.00,593,1530.00,4,53.58,-165.68,"2022-06-21 00:00:00","B"
"96",202201,65,20510,0.00,2,520.00,606,1400.00,5,53.58,-165.68,"2022-06-21 00:00:00","B"
"96",202201,65,20510,0.00,1,550.00,610,1740.00,8,53.58,-165.68,"2022-06-21 00:00:00","B"
"96",202201,142,20510,0.00,1,560.00,1676,1830.00,4,57.91,-137.00,"2022-07-17 00:00:00","B"
"96",202201,142,20510,0.00,1,550.00,1691,1590.00,6,57.91,-137.00,"2022-07-17 00:00:00","B"
"96",202201,142,20510,0.00,1,600.00,1693,2140.00,8,57.91,-137.00,"2022-07-17 00:00:00","B"
"96",202201,35,20510,0.00,1,670.00,6,3210.00,8,53.02,-170.10,"2022-06-03 00:00:00","B"
"96",202201,35,20510,0.00,2,600.00,8,2100.00,6,53.02,-170.10,"2022-06-03 00:00:00","B"
"96",202201,73,20510,0.00,1,610.00,1066,2470.00,4,54.85,-157.74,"2022-06-29 00:00:00","B"
"96",202201,73,20510,0.00,2,800.00,1068,5020.00,9,54.85,-157.74,"2022-06-29 00:00:00","B"
"96",202201,143,20510,0.00,1,600.00,1712,2060.00,6,57.96,-137.06,"2022-07-17 00:00:00","B"
"96",202201,143,20510,0.00,1,630.00,1714,2640.00,7,57.96,-137.06,"2022-07-17 00:00:00","B"
"96",202201,37,20510,0.00,2,550.00,30,1700.00,5,52.27,-173.49,"2022-06-04 00:00:00","B"
"96",202201,37,20510,0.00,1,600.00,45,1910.00,10,52.27,-173.49,"2022-06-04 00:00:00","B"
"96",202201,37,20510,0.00,2,560.00,47,1660.00,5,52.27,-173.49,"2022-06-04 00:00:00","B"
"96",202201,138,20510,0.00,2,460.00,1881,890.00,3,59.41,-140.94,"2022-07-22 00:00:00","B"
"96",202201,37,20510,0.00,2,490.00,52,1040.00,4,52.27,-173.49,"2022-06-04 00:00:00","B"
"96",202201,37,20510,0.00,1,490.00,67,1170.00,5,52.27,-173.49,"2022-06-04 00:00:00","B"
"96",202201,38,20510,0.00,2,640.00,69,2650.00,4,52.25,-174.84,"2022-06-05 00:00:00","B"
"96",202201,71,20510,0.00,1,530.00,941,1360.00,7,54.50,-159.26,"2022-06-27 00:00:00","B"
"96",202201,38,20510,0.00,2,500.00,82,1360.00,5,52.25,-174.84,"2022-06-05 00:00:00","B"
"96",202201,38,20510,0.00,1,500.00,97,1180.00,5,52.25,-174.84,"2022-06-05 00:00:00","B"
"96",202201,38,20510,0.00,2,570.00,99,1860.00,4,52.25,-174.84,"2022-06-05 00:00:00","S"
"96",202201,38,20510,0.00,2,590.00,101,1870.00,7,52.25,-174.84,"2022-06-05 00:00:00","B"
"96",202201,71,20510,0.00,1,530.00,970,1510.00,7,54.50,-159.26,"2022-06-27 00:00:00","B"
"96",202201,96,20510,0.00,2,730.00,1924,4170.00,6,58.68,-140.64,"2022-07-23 00:00:00","B"
"96",202201,38,20510,0.00,2,640.00,111,2870.00,10,52.25,-174.84,"2022-06-05 00:00:00","B"
"96",202201,39,20510,0.00,2,600.00,128,2250.00,7,52.13,-175.56,"2022-06-06 00:00:00","B"
"96",202201,53,20510,0.00,2,480.00,270,1070.00,5,51.40,-178.62,"2022-06-10 00:00:00","B"
"96",202201,53,20510,0.00,1,540.00,272,1450.00,5,51.40,-178.62,"2022-06-10 00:00:00","S"
"96",202201,72,20510,0.00,1,530.00,1028,1440.00,7,54.63,-158.58,"2022-06-28 00:00:00","B"
"96",202201,86,20510,0.00,1,660.00,2666,2660.00,14,58.68,-148.33,"2022-08-10 00:00:00","B"
"96",202201,86,20510,0.00,2,520.00,2677,1430.00,4,58.68,-148.33,"2022-08-10 00:00:00","B"
"96",202201,53,20510,0.00,2,620.00,258,2360.00,7,51.40,-178.62,"2022-06-10 00:00:00","B"
"96",202201,63,20510,0.00,2,660.00,539,2810.00,10,52.96,-168.13,"2022-06-20 00:00:00","B"
"96",202201,86,20510,0.00,2,510.00,2699,1100.00,5,58.68,-148.33,"2022-08-10 00:00:00","B"
"96",202201,67,20510,0.00,2,660.00,739,2710.00,7,53.97,-163.27,"2022-06-23 00:00:00","B"
"96",202201,67,20510,0.00,1,650.00,746,2810.00,6,53.97,-163.27,"2022-06-23 00:00:00","B"
"96",202201,63,20510,0.00,1,520.00,550,1870.00,7,52.96,-168.13,"2022-06-20 00:00:00","B"
"96",202201,86,20510,0.00,2,530.00,2714,1500.00,7,58.68,-148.33,"2022-08-10 00:00:00","B"
"96",202201,68,20510,0.00,2,590.00,779,2190.00,4,54.13,-161.64,"2022-06-24 00:00:00","B"
"96",202201,63,20510,0.00,2,620.00,576,2630.00,5,52.96,-168.13,"2022-06-20 00:00:00","B"
"96",202201,63,20510,0.00,2,770.00,583,5140.00,9,52.96,-168.13,"2022-06-20 00:00:00","B"
"96",202201,74,20510,0.00,1,650.00,1112,2750.00,7,55.23,-156.68,"2022-06-30 00:00:00","B"
"96",202201,74,20510,0.00,2,500.00,1119,1010.00,4,55.23,-156.68,"2022-06-30 00:00:00","B"
"96",202201,74,20510,0.00,2,610.00,1130,2480.00,10,55.23,-156.68,"2022-06-30 00:00:00","B"
"96",202201,65,20510,0.00,2,540.00,611,1630.00,8,53.58,-165.68,"2022-06-21 00:00:00","B"
"96",202201,35,20510,0.00,2,650.00,3,3160.00,5,53.02,-170.10,"2022-06-03 00:00:00","B"
"96",202201,35,20510,0.00,1,580.00,10,2400.00,7,53.02,-170.10,"2022-06-03 00:00:00","B"
"96",202201,73,20510,0.00,1,610.00,1062,2270.00,4,54.85,-157.74,"2022-06-29 00:00:00","B"
"96",202201,37,20510,0.00,2,580.00,25,1260.00,7,52.27,-173.49,"2022-06-04 00:00:00","B"
"96",202201,37,20510,0.00,1,490.00,32,1080.00,4,52.27,-173.49,"2022-06-04 00:00:00","S"
"96",202201,37,20510,0.00,2,540.00,43,1420.00,3,52.27,-173.49,"2022-06-04 00:00:00","B"
"96",202201,74,20510,0.00,2,610.00,1083,2160.00,6,55.23,-156.68,"2022-06-30 00:00:00","B"
"96",202201,97,20510,0.00,2,670.00,1857,3190.00,6,58.46,-139.46,"2022-07-20 00:00:00","B"
"96",202201,97,20510,0.00,1,570.00,1868,1930.00,8,58.46,-139.46,"2022-07-20 00:00:00","B"
"96",202201,37,20510,0.00,1,480.00,54,1020.00,3,52.27,-173.49,"2022-06-04 00:00:00","B"
"96",202201,37,20510,0.00,1,500.00,65,1200.00,5,52.27,-173.49,"2022-06-04 00:00:00","B"
"96",202201,38,20510,0.00,1,500.00,72,1150.00,4,52.25,-174.84,"2022-06-05 00:00:00","B"
"96",202201,71,20510,0.00,2,580.00,939,1940.00,8,54.50,-159.26,"2022-06-27 00:00:00","B"
"96",202201,71,20510,0.00,2,640.00,953,2740.00,3,54.50,-159.26,"2022-06-27 00:00:00","B"
"96",202201,138,20510,0.00,2,630.00,1883,2380.00,7,59.41,-140.94,"2022-07-22 00:00:00","B"
"96",202201,38,20510,0.00,2,620.00,76,2710.00,5,52.25,-174.84,"2022-06-05 00:00:00","B"
"96",202201,38,20510,0.00,1,530.00,87,1400.00,6,52.25,-174.84,"2022-06-05 00:00:00","B"
"96",202201,38,20510,0.00,1,540.00,94,1540.00,6,52.25,-174.84,"2022-06-05 00:00:00","B"
"96",202201,72,20510,0.00,1,480.00,985,930.00,3,54.63,-158.58,"2022-06-28 00:00:00","B"
"96",202201,38,20510,0.00,2,570.00,108,2070.00,12,52.25,-174.84,"2022-06-05 00:00:00","B"
"96",202201,38,20510,0.00,1,480.00,115,1130.00,5,52.25,-174.84,"2022-06-05 00:00:00","B"
"96",202201,39,20510,0.00,2,710.00,126,3520.00,6,52.13,-175.56,"2022-06-06 00:00:00","B"
"96",202201,96,20510,0.00,2,590.00,1952,2050.00,4,58.68,-140.64,"2022-07-23 00:00:00","B"
"96",202201,39,20510,0.00,1,530.00,129,1620.00,6,52.13,-175.56,"2022-06-06 00:00:00","B"
"96",202201,53,20510,0.00,1,540.00,266,1560.00,8,51.40,-178.62,"2022-06-10 00:00:00","B"
"96",202201,53,20510,0.00,1,510.00,277,1350.00,7,51.40,-178.62,"2022-06-10 00:00:00","B"
"96",202201,53,20510,0.00,2,530.00,284,1640.00,5,51.40,-178.62,"2022-06-10 00:00:00","B"
"96",202201,53,20510,0.00,2,590.00,287,1870.00,6,51.40,-178.62,"2022-06-10 00:00:00","B"
"96",202201,55,20510,0.00,1,550.00,298,1540.00,6,51.59,-177.61,"2022-06-11 00:00:00","B"
"96",202201,55,20510,0.00,1,570.00,305,1770.00,8,51.59,-177.61,"2022-06-11 00:00:00","B"
"96",202201,55,20510,0.00,2,620.00,312,2650.00,9,51.59,-177.61,"2022-06-11 00:00:00","B"
"96",202201,132,20510,0.00,1,560.00,2544,1750.00,7,59.08,-149.40,"2022-08-08 00:00:00","B"
"96",202201,57,20510,0.00,1,550.00,320,1840.00,8,51.73,-176.00,"2022-06-12 00:00:00","B"
"96",202201,57,20510,0.00,2,520.00,327,1120.00,5,51.73,-176.00,"2022-06-12 00:00:00","B"
"96",202201,131,20510,0.00,2,660.00,2614,2640.00,7,58.84,-148.92,"2022-08-09 00:00:00","B"
"96",202201,54,20510,0.00,1,610.00,212,2110.00,5,51.76,-178.16,"2022-06-08 00:00:00","B"
"96",202201,54,20510,0.00,2,730.00,213,3780.00,6,51.76,-178.16,"2022-06-08 00:00:00","B"
"96",202201,104,20510,0.00,1,480.00,1427,1120.00,4,55.98,-135.43,"2022-07-12 00:00:00","B"
"96",202201,131,20510,0.00,1,640.00,2634,2530.00,17,58.84,-148.92,"2022-08-09 00:00:00","B"
"96",202201,131,20510,0.00,1,630.00,2635,2580.00,6,58.84,-148.92,"2022-08-09 00:00:00","B"
"96",202201,130,20510,0.00,1,570.00,2649,1760.00,4,58.77,-148.91,"2022-08-09 00:00:00","S"
"96",202201,42,20510,0.00,2,600.00,233,1880.00,5,51.77,-178.97,"2022-06-09 00:00:00","B"
"96",202201,130,20510,0.00,2,470.00,2656,950.00,4,58.77,-148.91,"2022-08-09 00:00:00","B"
"96",202201,86,20510,0.00,2,600.00,2673,1920.00,7,58.68,-148.33,"2022-08-10 00:00:00","B"
"96",202201,67,20510,0.00,2,590.00,721,1670.00,3,53.97,-163.27,"2022-06-23 00:00:00","B"
"96",202201,42,20510,0.00,2,660.00,254,2580.00,5,51.77,-178.97,"2022-06-09 00:00:00","B"
"96",202201,53,20510,0.00,2,610.00,255,2330.00,7,51.40,-178.62,"2022-06-10 00:00:00","B"
"96",202201,63,20510,0.00,2,550.00,532,1820.00,7,52.96,-168.13,"2022-06-20 00:00:00","B"
"96",202201,63,20510,0.00,2,600.00,535,2350.00,7,52.96,-168.13,"2022-06-20 00:00:00","B"
"96",202201,101,20510,0.00,1,590.00,1600,2190.00,7,57.19,-136.23,"2022-07-15 00:00:00","B"
"96",202201,100,20510,0.00,2,600.00,1617,2210.00,5,57.61,-136.53,"2022-07-16 00:00:00","B"
"96",202201,100,20510,0.00,1,450.00,1618,800.00,5,57.61,-136.53,"2022-07-16 00:00:00","B"
"96",202201,86,20510,0.00,1,540.00,2696,1470.00,6,58.68,-148.33,"2022-08-10 00:00:00","B"
"96",202201,86,20510,0.00,1,550.00,2718,1590.00,4,58.68,-148.33,"2022-08-10 00:00:00","S"
"96",202201,67,20510,0.00,2,670.00,764,3310.00,6,53.97,-163.27,"2022-06-23 00:00:00","B"
"96",202201,68,20510,0.00,2,470.00,782,1030.00,3,54.13,-161.64,"2022-06-24 00:00:00","S"
"96",202201,74,20510,0.00,1,610.00,1115,2290.00,6,55.23,-156.68,"2022-06-30 00:00:00","B"
"96",202201,142,20510,0.00,1,530.00,1682,1540.00,6,57.91,-137.00,"2022-07-17 00:00:00","B"
"96",202201,143,20510,0.00,2,600.00,1700,2160.00,7,57.96,-137.06,"2022-07-17 00:00:00","B"
"96",202201,35,20510,0.00,2,570.00,14,1870.00,7,53.02,-170.10,"2022-06-03 00:00:00","B"
"96",202201,143,20510,0.00,1,660.00,1703,2980.00,21,57.96,-137.06,"2022-07-17 00:00:00","B"
"96",202201,143,20510,0.00,2,600.00,1704,2070.00,8,57.96,-137.06,"2022-07-17 00:00:00","B"
"96",202201,97,20510,0.00,1,650.00,1851,2440.00,4,58.46,-139.46,"2022-07-20 00:00:00","B"
"96",202201,37,20510,0.00,2,540.00,21,1590.00,3,52.27,-173.49,"2022-06-04 00:00:00","B"
"96",202201,37,20510,0.00,1,550.00,36,1420.00,6,52.27,-173.49,"2022-06-04 00:00:00","B"
"96",202201,37,20510,0.00,2,560.00,58,1510.00,6,52.27,-173.49,"2022-06-04 00:00:00","B"
"96",202201,37,20510,0.00,2,490.00,61,1180.00,7,52.27,-173.49,"2022-06-04 00:00:00","B"
"96",202201,37,20510,0.00,2,560.00,62,1740.00,5,52.27,-173.49,"2022-06-04 00:00:00","B"
"96",202201,71,20510,0.00,1,610.00,949,2180.00,6,54.50,-159.26,"2022-06-27 00:00:00","B"
"96",202201,138,20510,0.00,2,500.00,1886,1320.00,5,59.41,-140.94,"2022-07-22 00:00:00","B"
"96",202201,38,20510,0.00,1,560.00,90,1830.00,9,52.25,-174.84,"2022-06-05 00:00:00","B"
"96",202201,38,20510,0.00,2,580.00,91,2170.00,5,52.25,-174.84,"2022-06-05 00:00:00","B"
"96",202201,71,20510,0.00,2,590.00,963,2190.00,4,54.50,-159.26,"2022-06-27 00:00:00","B"
"96",202201,71,20510,0.00,2,640.00,964,3010.00,6,54.50,-159.26,"2022-06-27 00:00:00","B"
"96",202201,71,20510,0.00,1,620.00,981,2440.00,8,54.50,-159.26,"2022-06-27 00:00:00","B"
"96",202201,38,20510,0.00,2,540.00,104,1510.00,6,52.25,-174.84,"2022-06-05 00:00:00","B"
"96",202201,38,20510,0.00,2,480.00,105,1020.00,7,52.25,-174.84,"2022-06-05 00:00:00","B"
"96",202201,72,20510,0.00,2,600.00,990,2040.00,7,54.63,-158.58,"2022-06-28 00:00:00","B"
"96",202201,72,20510,0.00,2,590.00,1008,2000.00,7,54.63,-158.58,"2022-06-28 00:00:00","B"
"96",202201,95,20510,0.00,1,620.00,1962,2570.00,6,59.05,-141.50,"2022-07-24 00:00:00","B"
"96",202201,39,20510,0.00,2,560.00,132,1460.00,6,52.13,-175.56,"2022-06-06 00:00:00","S"
"96",202201,53,20510,0.00,1,580.00,263,2220.00,5,51.40,-178.62,"2022-06-10 00:00:00","B"
"96",202201,53,20510,0.00,1,640.00,280,3100.00,6,51.40,-178.62,"2022-06-10 00:00:00","B"
"96",202201,53,20510,0.00,2,800.00,281,5290.00,10,51.40,-178.62,"2022-06-10 00:00:00","B"
"96",202201,79,20510,0.00,1,620.00,3329,2600.00,8,56.30,-153.07,"2022-08-21 00:00:00","B"
"96",202201,69,20510,0.00,1,470.00,864,930.00,4,54.31,-161.06,"2022-06-25 00:00:00","B"
"96",202201,79,20510,0.00,2,600.00,3360,2400.00,6,56.30,-153.07,"2022-08-21 00:00:00","B"
"96",202201,79,20510,0.00,2,610.00,3367,2180.00,6,56.30,-153.07,"2022-08-21 00:00:00","B"
"96",202201,79,20510,0.00,2,640.00,3377,2630.00,6,56.30,-153.07,"2022-08-21 00:00:00","B"
"96",202201,78,20510,0.00,2,670.00,3414,3310.00,7,55.98,-154.02,"2022-08-22 00:00:00","B"
"96",202201,149,20510,0.00,2,600.00,1199,2200.00,7,54.59,-133.02,"2022-07-06 00:00:00","B"
"96",202201,108,20510,0.00,1,680.00,1247,3160.00,31,54.46,-133.92,"2022-07-07 00:00:00","B"
"96",202201,107,20510,0.00,2,490.00,1271,970.00,6,54.90,-134.28,"2022-07-08 00:00:00","B"
"96",202201,77,20510,0.00,2,650.00,3510,3140.00,6,56.05,-154.57,"2022-08-23 00:00:00","B"
"96",202201,106,20510,0.00,1,600.00,1294,2120.00,7,55.35,-134.73,"2022-07-09 00:00:00","B"
"96",202201,77,20510,0.00,1,640.00,3534,2640.00,5,56.05,-154.57,"2022-08-23 00:00:00","B"
"96",202201,77,20510,0.00,2,550.00,3544,1630.00,6,56.05,-154.57,"2022-08-23 00:00:00","B"
"96",202201,61,20510,0.00,2,670.00,396,3050.00,10,52.38,-170.31,"2022-06-16 00:00:00","B"
"96",202201,76,20510,0.00,2,600.00,3566,2370.00,8,55.76,-155.14,"2022-08-24 00:00:00","V"
"96",202201,76,20510,0.00,1,600.00,3573,2410.00,8,55.76,-155.14,"2022-08-24 00:00:00","B"
"96",202201,64,20510,0.00,2,500.00,410,1130.00,6,53.19,-166.85,"2022-06-18 00:00:00","B"
"96",202201,76,20510,0.00,2,590.00,3606,1940.00,4,55.76,-155.14,"2022-08-24 00:00:00","S"
"96",202201,64,20510,0.00,2,560.00,449,1710.00,5,53.19,-166.85,"2022-06-18 00:00:00","B"
"96",202201,122,20510,0.00,2,550.00,3628,1590.00,4,56.19,-155.96,"2022-08-25 00:00:00","B"
"96",202201,122,20510,0.00,2,500.00,3642,1250.00,6,56.19,-155.96,"2022-08-25 00:00:00","B"
"96",202201,64,20510,0.00,2,620.00,477,2230.00,6,53.19,-166.85,"2022-06-18 00:00:00","B"
"96",202201,122,20510,0.00,1,500.00,3650,1210.00,6,56.19,-155.96,"2022-08-25 00:00:00","B"
"96",202201,122,20510,0.00,1,540.00,3657,1650.00,6,56.19,-155.96,"2022-08-25 00:00:00","B"
"96",202201,62,20510,0.00,1,560.00,491,1750.00,6,52.66,-169.00,"2022-06-19 00:00:00","B"
"96",202201,62,20510,0.00,2,630.00,498,2530.00,7,52.66,-169.00,"2022-06-19 00:00:00","B"
"96",202201,123,20510,0.00,1,510.00,3672,1360.00,4,56.23,-156.12,"2022-08-25 00:00:00","B"
"96",202201,123,20510,0.00,1,530.00,3679,1560.00,5,56.23,-156.12,"2022-08-25 00:00:00","B"
"96",202201,62,20510,0.00,2,590.00,512,2030.00,7,52.66,-169.00,"2022-06-19 00:00:00","B"
"96",202201,120,20510,0.00,1,540.00,3706,1440.00,7,55.78,-156.07,"2022-08-26 00:00:00","B"
"96",202201,120,20510,0.00,2,510.00,3717,1110.00,4,55.78,-156.07,"2022-08-26 00:00:00","S"
"96",202201,81,20510,0.00,1,580.00,3248,2140.00,8,57.11,-151.23,"2022-08-19 00:00:00","B"
"96",202201,81,20510,0.00,2,530.00,3259,1820.00,4,57.11,-151.23,"2022-08-19 00:00:00","B"
"96",202201,121,20510,0.00,1,570.00,3737,1840.00,7,55.75,-156.20,"2022-08-26 00:00:00","B"
"96",202201,121,20510,0.00,2,490.00,3744,960.00,3,55.75,-156.20,"2022-08-26 00:00:00","B"
"96",202201,68,20510,0.00,1,520.00,824,1170.00,6,54.13,-161.64,"2022-06-24 00:00:00","B"
"96",202201,121,20510,0.00,2,530.00,3758,1390.00,4,55.75,-156.20,"2022-08-26 00:00:00","B"
"96",202201,121,20510,0.00,2,520.00,3765,1520.00,8,55.75,-156.20,"2022-08-26 00:00:00","B"
"96",202201,39,20510,0.00,2,620.00,149,2570.00,6,52.13,-175.56,"2022-06-06 00:00:00","B"
"96",202201,39,20510,0.00,2,620.00,162,2260.00,6,52.13,-175.56,"2022-06-06 00:00:00","B"
"96",202201,40,20510,0.00,2,620.00,164,2180.00,7,51.96,-176.45,"2022-06-07 00:00:00","B"
"96",202201,40,20510,0.00,1,550.00,166,1680.00,6,51.96,-176.45,"2022-06-07 00:00:00","B"
"96",202201,79,20510,0.00,2,640.00,3330,2530.00,6,56.30,-153.07,"2022-08-21 00:00:00","B"
"96",202201,79,20510,0.00,1,570.00,3355,2390.00,5,56.30,-153.07,"2022-08-21 00:00:00","B"
"96",202201,79,20510,0.00,1,490.00,3374,1100.00,4,56.30,-153.07,"2022-08-21 00:00:00","B"
"96",202201,79,20510,0.00,2,700.00,3397,3380.00,6,56.30,-153.07,"2022-08-21 00:00:00","B"
"96",202201,70,20510,0.00,2,630.00,906,2650.00,3,54.36,-160.24,"2022-06-26 00:00:00","B"
"96",202201,148,20510,0.00,1,540.00,1191,1670.00,4,54.64,-132.84,"2022-07-06 00:00:00","B"
"96",202201,78,20510,0.00,1,510.00,3421,1200.00,5,55.98,-154.02,"2022-08-22 00:00:00","B"
"96",202201,149,20510,0.00,1,560.00,1196,1690.00,8,54.59,-133.02,"2022-07-06 00:00:00","B"
"96",202201,149,20510,0.00,1,610.00,1211,2250.00,8,54.59,-133.02,"2022-07-06 00:00:00","B"
"96",202201,149,20510,0.00,1,550.00,1213,1510.00,7,54.59,-133.02,"2022-07-06 00:00:00","B"
"96",202201,108,20510,0.00,2,620.00,1235,2740.00,5,54.46,-133.92,"2022-07-07 00:00:00","B"
"96",202201,78,20510,0.00,2,600.00,3468,2180.00,6,55.98,-154.02,"2022-08-22 00:00:00","B"
"96",202201,77,20510,0.00,2,530.00,3483,1400.00,8,56.05,-154.57,"2022-08-23 00:00:00","B"
"96",202201,77,20510,0.00,2,540.00,3491,1470.00,7,56.05,-154.57,"2022-08-23 00:00:00","B"
"96",202201,77,20510,0.00,2,560.00,3516,1770.00,5,56.05,-154.57,"2022-08-23 00:00:00","B"
"96",202201,106,20510,0.00,2,750.00,1308,4160.00,8,55.35,-134.73,"2022-07-09 00:00:00","B"
"96",202201,77,20510,0.00,1,570.00,3541,2080.00,8,56.05,-154.57,"2022-08-23 00:00:00","B"
"96",202201,76,20510,0.00,2,570.00,3556,1690.00,5,55.76,-155.14,"2022-08-24 00:00:00","B"
"96",202201,76,20510,0.00,1,580.00,3568,2200.00,6,55.76,-155.14,"2022-08-24 00:00:00","B"
"96",202201,64,20510,0.00,2,540.00,424,1380.00,7,53.19,-166.85,"2022-06-18 00:00:00","B"
"96",202201,76,20510,0.00,2,550.00,3600,1560.00,5,55.76,-155.14,"2022-08-24 00:00:00","B"
"96",202201,64,20510,0.00,1,510.00,434,1040.00,6,53.19,-166.85,"2022-06-18 00:00:00","B"
"96",202201,122,20510,0.00,2,590.00,3632,2590.00,5,56.19,-155.96,"2022-08-25 00:00:00","B"
"96",202201,64,20510,0.00,2,570.00,467,1730.00,6,53.19,-166.85,"2022-06-18 00:00:00","B"
"96",202201,122,20510,0.00,1,530.00,3660,1330.00,4,56.19,-155.96,"2022-08-25 00:00:00","B"
"96",202201,122,20510,0.00,2,540.00,3662,1590.00,5,56.19,-155.96,"2022-08-25 00:00:00","B"
"96",202201,62,20510,0.00,2,560.00,494,1590.00,5,52.66,-169.00,"2022-06-19 00:00:00","B"
"96",202201,62,20510,0.00,2,550.00,496,1480.00,7,52.66,-169.00,"2022-06-19 00:00:00","B"
"96",202201,123,20510,0.00,2,540.00,3675,1950.00,6,56.23,-156.12,"2022-08-25 00:00:00","B"
"96",202201,123,20510,0.00,2,490.00,3677,1080.00,3,56.23,-156.12,"2022-08-25 00:00:00","B"
"96",202201,123,20510,0.00,1,560.00,3690,2020.00,8,56.23,-156.12,"2022-08-25 00:00:00","B"
"96",202201,63,20510,0.00,1,510.00,523,1410.00,6,52.96,-168.13,"2022-06-20 00:00:00","B"
"96",202201,63,20510,0.00,2,590.00,525,1850.00,6,52.96,-168.13,"2022-06-20 00:00:00","B"
"96",202201,120,20510,0.00,2,520.00,3720,1510.00,7,55.78,-156.07,"2022-08-26 00:00:00","B"
"96",202201,120,20510,0.00,1,510.00,3722,1170.00,4,55.78,-156.07,"2022-08-26 00:00:00","B"
"96",202201,68,20510,0.00,1,560.00,803,1700.00,10,54.13,-161.64,"2022-06-24 00:00:00","B"
"96",202201,120,20510,0.00,1,530.00,3731,1770.00,7,55.78,-156.07,"2022-08-26 00:00:00","B"
"96",202201,121,20510,0.00,2,540.00,3748,1530.00,9,55.75,-156.20,"2022-08-26 00:00:00","B"
"96",202201,80,20510,0.00,2,460.00,3285,840.00,3,56.48,-152.21,"2022-08-20 00:00:00","S"
"96",202201,121,20510,0.00,1,520.00,3760,1460.00,4,55.75,-156.20,"2022-08-26 00:00:00","S"
"96",202201,80,20510,0.00,1,530.00,3298,1550.00,5,56.48,-152.21,"2022-08-20 00:00:00","B"
"96",202201,58,20510,0.00,2,580.00,347,1990.00,8,51.85,-175.12,"2022-06-13 00:00:00","B"
"96",202201,58,20510,0.00,1,510.00,358,1250.00,5,51.85,-175.12,"2022-06-13 00:00:00","B"
"96",202201,145,20510,0.00,1,660.00,1375,2910.00,13,56.03,-134.92,"2022-07-11 00:00:00","B"
"96",202201,145,20510,0.00,2,550.00,1382,1630.00,,56.03,-134.92,"2022-07-11 00:00:00",
"96",202201,145,20510,0.00,2,570.00,1384,1630.00,7,56.03,-134.92,"2022-07-11 00:00:00","B"
"96",202201,133,20510,0.00,1,480.00,2574,1060.00,4,58.95,-149.51,"2022-08-08 00:00:00","B"
"96",202201,60,20510,0.00,2,660.00,383,2970.00,7,51.91,-173.49,"2022-06-14 00:00:00","B"
"96",202201,61,20510,0.00,2,530.00,385,1440.00,4,52.38,-170.31,"2022-06-16 00:00:00","B"
"96",202201,61,20510,0.00,2,630.00,392,2260.00,6,52.38,-170.31,"2022-06-16 00:00:00","B"
"96",202201,39,20510,0.00,2,740.00,144,3800.00,5,52.13,-175.56,"2022-06-06 00:00:00","B"
"96",202201,40,20510,0.00,2,590.00,167,2130.00,7,51.96,-176.45,"2022-06-07 00:00:00","B"
"96",202201,40,20510,0.00,2,600.00,169,2570.00,6,51.96,-176.45,"2022-06-07 00:00:00","B"
"96",202201,79,20510,0.00,1,630.00,3337,2800.00,8,56.30,-153.07,"2022-08-21 00:00:00","B"
"96",202201,149,20510,0.00,1,550.00,1216,1930.00,7,54.59,-133.02,"2022-07-06 00:00:00","B"
"96",202201,149,20510,0.00,1,560.00,1218,1860.00,7,54.59,-133.02,"2022-07-06 00:00:00","B"
"96",202201,78,20510,0.00,1,520.00,3439,1310.00,6,55.98,-154.02,"2022-08-22 00:00:00","B"
"96",202201,78,20510,0.00,1,550.00,3469,2020.00,6,55.98,-154.02,"2022-08-22 00:00:00","B"
"96",202201,77,20510,0.00,2,620.00,3478,2420.00,6,56.05,-154.57,"2022-08-23 00:00:00","B"
"96",202201,107,20510,0.00,2,600.00,1272,2240.00,9,54.90,-134.28,"2022-07-08 00:00:00","B"
"96",202201,77,20510,0.00,2,520.00,3526,1280.00,7,56.05,-154.57,"2022-08-23 00:00:00","B"
"96",202201,105,20510,0.00,1,590.00,1318,2050.00,6,55.56,-134.96,"2022-07-10 00:00:00","B"
"96",202201,76,20510,0.00,2,620.00,3558,2460.00,6,55.76,-155.14,"2022-08-24 00:00:00","B"
"96",202201,76,20510,0.00,2,550.00,3560,1620.00,5,55.76,-155.14,"2022-08-24 00:00:00","B"
"96",202201,64,20510,0.00,2,470.00,404,920.00,5,53.19,-166.85,"2022-06-18 00:00:00","B"
"96",202201,64,20510,0.00,1,540.00,425,1360.00,10,53.19,-166.85,"2022-06-18 00:00:00","B"
"96",202201,64,20510,0.00,2,530.00,448,1290.00,9,53.19,-166.85,"2022-06-18 00:00:00","B"
"96",202201,64,20510,0.00,1,500.00,450,1040.00,6,53.19,-166.85,"2022-06-18 00:00:00","B"
"96",202201,122,20510,0.00,1,560.00,3627,1900.00,5,56.19,-155.96,"2022-08-25 00:00:00","B"
"96",202201,64,20510,0.00,1,460.00,453,1000.00,4,53.19,-166.85,"2022-06-18 00:00:00","B"
"96",202201,122,20510,0.00,2,520.00,3665,1360.00,7,56.19,-155.96,"2022-08-25 00:00:00","B"
"96",202201,123,20510,0.00,2,510.00,3667,1240.00,3,56.23,-156.12,"2022-08-25 00:00:00","B"
"96",202201,62,20510,0.00,2,630.00,499,2150.00,5,52.66,-169.00,"2022-06-19 00:00:00","B"
"96",202201,123,20510,0.00,2,510.00,3678,1120.00,3,56.23,-156.12,"2022-08-25 00:00:00","B"
"96",202201,81,20510,0.00,1,530.00,3228,1450.00,5,57.11,-151.23,"2022-08-19 00:00:00","B"
"96",202201,81,20510,0.00,1,610.00,3230,2210.00,6,57.11,-151.23,"2022-08-19 00:00:00","B"
"96",202201,81,20510,0.00,1,540.00,3235,1510.00,5,57.11,-151.23,"2022-08-19 00:00:00","B"
"96",202201,62,20510,0.00,1,500.00,520,1100.00,6,52.66,-169.00,"2022-06-19 00:00:00","B"
"96",202201,123,20510,0.00,1,480.00,3698,1040.00,3,56.23,-156.12,"2022-08-25 00:00:00","B"
"96",202201,81,20510,0.00,1,600.00,3240,2070.00,5,57.11,-151.23,"2022-08-19 00:00:00","B"
"96",202201,69,20510,0.00,2,630.00,844,2390.00,4,54.31,-161.06,"2022-06-25 00:00:00","B"
"96",202201,121,20510,0.00,2,540.00,3750,1630.00,4,55.75,-156.20,"2022-08-26 00:00:00","B"
"96",202201,80,20510,0.00,2,710.00,3301,3770.00,7,56.48,-152.21,"2022-08-20 00:00:00","B"
"96",202201,144,20510,0.00,2,420.00,1357,610.00,3,55.93,-134.89,"2022-07-11 00:00:00","B"
"96",202201,132,20510,0.00,2,570.00,2547,1840.00,6,59.08,-149.40,"2022-08-08 00:00:00","B"
"96",202201,132,20510,0.00,2,680.00,2565,3090.00,7,59.08,-149.40,"2022-08-08 00:00:00","B"
"96",202201,57,20510,0.00,1,540.00,341,1550.00,5,51.73,-176.00,"2022-06-12 00:00:00","B"
"96",202201,58,20510,0.00,2,530.00,348,1390.00,6,51.85,-175.12,"2022-06-13 00:00:00","B"
"96",202201,58,20510,0.00,1,540.00,355,1450.00,4,51.85,-175.12,"2022-06-13 00:00:00","B"
"96",202201,60,20510,0.00,2,740.00,366,4570.00,6,51.91,-173.49,"2022-06-14 00:00:00","B"
"96",202201,39,20510,0.00,2,580.00,139,1900.00,8,52.13,-175.56,"2022-06-06 00:00:00","B"
"96",202201,145,20510,0.00,1,550.00,1385,1750.00,5,56.03,-134.92,"2022-07-11 00:00:00","B"
"96",202201,133,20510,0.00,1,600.00,2582,2080.00,8,58.95,-149.51,"2022-08-08 00:00:00","B"
"96",202201,60,20510,0.00,2,630.00,370,2810.00,7,51.91,-173.49,"2022-06-14 00:00:00","B"
"96",202201,60,20510,0.00,1,510.00,384,1110.00,6,51.91,-173.49,"2022-06-14 00:00:00","B"
"96",202201,39,20510,0.00,1,510.00,152,1300.00,5,52.13,-175.56,"2022-06-06 00:00:00","B"
"96",202201,39,20510,0.00,2,660.00,159,2690.00,8,52.13,-175.56,"2022-06-06 00:00:00","B"
"96",202201,40,20510,0.00,2,570.00,170,1720.00,5,51.96,-176.45,"2022-06-07 00:00:00","B"
"96",202201,79,20510,0.00,2,650.00,3327,3080.00,5,56.30,-153.07,"2022-08-21 00:00:00","B"
"96",202201,70,20510,0.00,2,510.00,873,1200.00,4,54.36,-160.24,"2022-06-26 00:00:00","B"
"96",202201,79,20510,0.00,1,520.00,3393,1190.00,7,56.30,-153.07,"2022-08-21 00:00:00","B"
"96",202201,149,20510,0.00,1,530.00,1201,1630.00,10,54.59,-133.02,"2022-07-06 00:00:00","B"
"96",202201,149,20510,0.00,1,580.00,1215,1720.00,5,54.59,-133.02,"2022-07-06 00:00:00","B"
"96",202201,108,20510,0.00,2,720.00,1231,3650.00,7,54.46,-133.92,"2022-07-07 00:00:00","B"
"96",202201,108,20510,0.00,2,670.00,1238,3030.00,7,54.46,-133.92,"2022-07-07 00:00:00","B"
"96",202201,78,20510,0.00,1,530.00,3470,1520.00,5,55.98,-154.02,"2022-08-22 00:00:00","B"
"96",202201,77,20510,0.00,2,720.00,3487,3830.00,12,56.05,-154.57,"2022-08-23 00:00:00","B"
"96",202201,77,20510,0.00,2,670.00,3511,2940.00,5,56.05,-154.57,"2022-08-23 00:00:00","B"
"96",202201,77,20510,0.00,1,460.00,3529,870.00,5,56.05,-154.57,"2022-08-23 00:00:00","B"
"96",202201,77,20510,0.00,2,650.00,3536,2710.00,5,56.05,-154.57,"2022-08-23 00:00:00","B"
"96",202201,106,20510,0.00,1,600.00,1301,2140.00,7,55.35,-134.73,"2022-07-09 00:00:00","B"
"96",202201,106,20510,0.00,1,610.00,1312,2240.00,6,55.35,-134.73,"2022-07-09 00:00:00","B"
"96",202201,64,20510,0.00,1,550.00,398,1460.00,4,53.19,-166.85,"2022-06-18 00:00:00","B"
"96",202201,64,20510,0.00,2,560.00,412,1720.00,5,53.19,-166.85,"2022-06-18 00:00:00","B"
"96",202201,64,20510,0.00,2,550.00,419,1350.00,8,53.19,-166.85,"2022-06-18 00:00:00","B"
"96",202201,76,20510,0.00,2,610.00,3604,2120.00,11,55.76,-155.14,"2022-08-24 00:00:00","B"
"96",202201,122,20510,0.00,2,560.00,3633,1740.00,6,56.19,-155.96,"2022-08-25 00:00:00","B"
"96",202201,122,20510,0.00,1,560.00,3655,1700.00,5,56.19,-155.96,"2022-08-25 00:00:00","B"
"96",202201,122,20510,0.00,2,580.00,3659,1890.00,5,56.19,-155.96,"2022-08-25 00:00:00","B"
"96",202201,122,20510,0.00,2,530.00,3666,1400.00,7,56.19,-155.96,"2022-08-25 00:00:00","B"
"96",202201,62,20510,0.00,2,550.00,482,1600.00,7,52.66,-169.00,"2022-06-19 00:00:00","B"
"96",202201,62,20510,0.00,2,550.00,489,1460.00,4,52.66,-169.00,"2022-06-19 00:00:00","B"
"96",202201,123,20510,0.00,2,530.00,3670,1350.00,3,56.23,-156.12,"2022-08-25 00:00:00","B"
"96",202201,68,20510,0.00,2,620.00,793,2390.00,6,54.13,-161.64,"2022-06-24 00:00:00","B"
"96",202201,68,20510,0.00,2,740.00,813,4060.00,8,54.13,-161.64,"2022-06-24 00:00:00","B"
"96",202201,120,20510,0.00,1,590.00,3728,1890.00,7,55.78,-156.07,"2022-08-26 00:00:00","B"
"96",202201,81,20510,0.00,1,630.00,3271,2460.00,14,57.11,-151.23,"2022-08-19 00:00:00","B"
"96",202201,80,20510,0.00,2,550.00,3289,1460.00,6,56.48,-152.21,"2022-08-20 00:00:00","B"
"96",202201,69,20510,0.00,2,520.00,845,1360.00,6,54.31,-161.06,"2022-06-25 00:00:00","B"
"96",202201,121,20510,0.00,2,580.00,3767,1930.00,8,55.75,-156.20,"2022-08-26 00:00:00","B"
"96",202201,72,20510,0.00,2,630.00,1030,2650.00,5,54.63,-158.58,"2022-06-28 00:00:00","B"
"96",202201,88,20510,0.00,1,570.00,2516,1870.00,7,59.15,-147.60,"2022-08-06 00:00:00","B"
"96",202201,53,20510,0.00,2,620.00,286,2460.00,9,51.40,-178.62,"2022-06-10 00:00:00","B"
"96",202201,55,20510,0.00,1,610.00,299,2100.00,9,51.59,-177.61,"2022-06-11 00:00:00","B"
"96",202201,55,20510,0.00,2,540.00,303,1630.00,7,51.59,-177.61,"2022-06-11 00:00:00","B"
"96",202201,105,20510,0.00,2,710.00,1324,3450.00,6,55.56,-134.96,"2022-07-10 00:00:00","B"
"96",202201,88,20510,0.00,2,690.00,2529,3130.00,11,59.15,-147.60,"2022-08-06 00:00:00","B"
"96",202201,55,20510,0.00,1,550.00,314,1600.00,7,51.59,-177.61,"2022-06-11 00:00:00","B"
"96",202201,57,20510,0.00,2,640.00,333,2450.00,8,51.73,-176.00,"2022-06-12 00:00:00","B"
"96",202201,105,20510,0.00,1,640.00,1336,2520.00,5,55.56,-134.96,"2022-07-10 00:00:00","B"
"96",202201,105,20510,0.00,1,550.00,1353,1630.00,6,55.56,-134.96,"2022-07-10 00:00:00","B"
"96",202201,58,20510,0.00,1,540.00,345,1750.00,7,51.85,-175.12,"2022-06-13 00:00:00","B"
"96",202201,60,20510,0.00,2,570.00,360,2100.00,5,51.91,-173.49,"2022-06-14 00:00:00","B"
"96",202201,60,20510,0.00,1,610.00,362,2440.00,5,51.91,-173.49,"2022-06-14 00:00:00","B"
"96",202201,39,20510,0.00,1,560.00,143,1800.00,8,52.13,-175.56,"2022-06-06 00:00:00","B"
"96",202201,144,20510,0.00,1,670.00,1369,3170.00,27,55.93,-134.89,"2022-07-11 00:00:00","B"
"96",202201,133,20510,0.00,2,500.00,2578,1530.00,3,58.95,-149.51,"2022-08-08 00:00:00","B"
"96",202201,60,20510,0.00,1,630.00,381,2770.00,8,51.91,-173.49,"2022-06-14 00:00:00","B"
"96",202201,39,20510,0.00,2,650.00,146,3010.00,6,52.13,-175.56,"2022-06-06 00:00:00","B"
"96",202201,39,20510,0.00,1,500.00,148,1150.00,5,52.13,-175.56,"2022-06-06 00:00:00","B"
"96",202201,40,20510,0.00,2,570.00,163,1920.00,7,51.96,-176.45,"2022-06-07 00:00:00","B"
"96",202201,79,20510,0.00,2,600.00,3333,2190.00,4,56.30,-153.07,"2022-08-21 00:00:00","B"
"96",202201,79,20510,0.00,1,570.00,3348,1810.00,7,56.30,-153.07,"2022-08-21 00:00:00","B"
"96",202201,69,20510,0.00,1,530.00,859,1570.00,4,54.31,-161.06,"2022-06-25 00:00:00","B"
"96",202201,79,20510,0.00,1,490.00,3373,1090.00,7,56.30,-153.07,"2022-08-21 00:00:00","B"
"96",202201,70,20510,0.00,2,600.00,900,1970.00,6,54.36,-160.24,"2022-06-26 00:00:00","B"
"96",202201,79,20510,0.00,1,490.00,3379,1090.00,4,56.30,-153.07,"2022-08-21 00:00:00","B"
"96",202201,78,20510,0.00,2,650.00,3465,2850.00,5,55.98,-154.02,"2022-08-22 00:00:00","B"
"96",202201,107,20510,0.00,1,600.00,1259,2900.00,15,54.90,-134.28,"2022-07-08 00:00:00","B"
"96",202201,77,20510,0.00,2,650.00,3492,2590.00,5,56.05,-154.57,"2022-08-23 00:00:00","B"
"96",202201,107,20510,0.00,2,670.00,1281,2890.00,5,54.90,-134.28,"2022-07-08 00:00:00","B"
"96",202201,106,20510,0.00,2,800.00,1283,4850.00,8,55.35,-134.73,"2022-07-09 00:00:00","B"
"96",202201,77,20510,0.00,1,560.00,3532,1750.00,5,56.05,-154.57,"2022-08-23 00:00:00","B"
"96",202201,76,20510,0.00,2,590.00,3555,1900.00,7,55.76,-155.14,"2022-08-24 00:00:00","B"
"96",202201,122,20510,0.00,2,660.00,3629,3540.00,6,56.19,-155.96,"2022-08-25 00:00:00","B"
"96",202201,122,20510,0.00,1,510.00,3631,1370.00,5,56.19,-155.96,"2022-08-25 00:00:00","B"
"96",202201,64,20510,0.00,2,610.00,464,1940.00,6,53.19,-166.85,"2022-06-18 00:00:00","B"
"96",202201,64,20510,0.00,2,650.00,466,2790.00,6,53.19,-166.85,"2022-06-18 00:00:00","B"
"96",202201,122,20510,0.00,1,550.00,3646,1730.00,10,56.19,-155.96,"2022-08-25 00:00:00","B"
"96",202201,122,20510,0.00,2,550.00,3661,1840.00,6,56.19,-155.96,"2022-08-25 00:00:00","B"
"96",202201,122,20510,0.00,2,530.00,3663,1550.00,7,56.19,-155.96,"2022-08-25 00:00:00","B"
"96",202201,123,20510,0.00,2,500.00,3674,1150.00,4,56.23,-156.12,"2022-08-25 00:00:00","B"
"96",202201,123,20510,0.00,2,550.00,3693,1650.00,6,56.23,-156.12,"2022-08-25 00:00:00","S"
"96",202201,62,20510,0.00,2,680.00,507,3390.00,4,52.66,-169.00,"2022-06-19 00:00:00","B"
"96",202201,68,20510,0.00,1,560.00,791,2280.00,5,54.13,-161.64,"2022-06-24 00:00:00","B"
"96",202201,123,20510,0.00,2,540.00,3702,1410.00,4,56.23,-156.12,"2022-08-25 00:00:00","B"
"96",202201,123,20510,0.00,1,480.00,3704,1190.00,5,56.23,-156.12,"2022-08-25 00:00:00","B"
"96",202201,120,20510,0.00,2,520.00,3719,1160.00,5,55.78,-156.07,"2022-08-26 00:00:00","B"
"96",202201,68,20510,0.00,1,660.00,817,3170.00,9,54.13,-161.64,"2022-06-24 00:00:00","B"
"96",202201,120,20510,0.00,2,520.00,3732,1490.00,8,55.78,-156.07,"2022-08-26 00:00:00","B"
"96",202201,120,20510,0.00,1,480.00,3734,960.00,3,55.78,-156.07,"2022-08-26 00:00:00","B"
"96",202201,121,20510,0.00,2,480.00,3749,1100.00,4,55.75,-156.20,"2022-08-26 00:00:00","B"
"96",202201,68,20510,0.00,1,570.00,828,2010.00,6,54.13,-161.64,"2022-06-24 00:00:00","B"
"96",202201,80,20510,0.00,2,530.00,3314,1560.00,6,56.48,-152.21,"2022-08-20 00:00:00","B"
"96",202201,80,20510,0.00,1,580.00,3316,2270.00,6,56.48,-152.21,"2022-08-20 00:00:00","B"
"96",202201,53,20510,0.00,2,770.00,278,5410.00,6,51.40,-178.62,"2022-06-10 00:00:00","B"
"96",202201,53,20510,0.00,1,550.00,279,1940.00,8,51.40,-178.62,"2022-06-10 00:00:00","B"
"96",202201,88,20510,0.00,1,560.00,2509,1850.00,6,59.15,-147.60,"2022-08-06 00:00:00","B"
"96",202201,55,20510,0.00,2,540.00,292,1700.00,8,51.59,-177.61,"2022-06-11 00:00:00","B"
"96",202201,55,20510,0.00,2,570.00,293,1800.00,5,51.59,-177.61,"2022-06-11 00:00:00","B"
"96",202201,55,20510,0.00,2,690.00,310,3660.00,9,51.59,-177.61,"2022-06-11 00:00:00","B"
"96",202201,55,20510,0.00,2,660.00,311,3160.00,10,51.59,-177.61,"2022-06-11 00:00:00","B"
"96",202201,73,20510,0.00,2,610.00,1048,2280.00,6,54.85,-157.74,"2022-06-29 00:00:00","B"
"96",202201,105,20510,0.00,2,730.00,1330,4150.00,9,55.56,-134.96,"2022-07-10 00:00:00","B"
"96",202201,88,20510,0.00,1,590.00,2538,2210.00,6,59.15,-147.60,"2022-08-06 00:00:00","B"
"96",202201,57,20510,0.00,1,570.00,322,1850.00,11,51.73,-176.00,"2022-06-12 00:00:00","B"
"96",202201,57,20510,0.00,1,510.00,325,1310.00,6,51.73,-176.00,"2022-06-12 00:00:00","B"
"96",202201,144,20510,0.00,2,620.00,1359,2310.00,7,55.93,-134.89,"2022-07-11 00:00:00","B"
"96",202201,132,20510,0.00,1,520.00,2549,1430.00,7,59.08,-149.40,"2022-08-08 00:00:00","B"
"96",202201,132,20510,0.00,1,470.00,2552,1040.00,3,59.08,-149.40,"2022-08-08 00:00:00","B"
"96",202201,58,20510,0.00,1,640.00,353,2710.00,4,51.85,-175.12,"2022-06-13 00:00:00","B"
"96",202201,58,20510,0.00,1,500.00,354,1110.00,5,51.85,-175.12,"2022-06-13 00:00:00","B"
"96",202201,39,20510,0.00,2,640.00,137,2640.00,5,52.13,-175.56,"2022-06-06 00:00:00","B"
"96",202201,144,20510,0.00,2,470.00,1362,940.00,5,55.93,-134.89,"2022-07-11 00:00:00","B"
"96",202201,133,20510,0.00,2,490.00,2588,1070.00,3,58.95,-149.51,"2022-08-08 00:00:00","B"
"96",202201,60,20510,0.00,2,710.00,371,3770.00,5,51.91,-173.49,"2022-06-14 00:00:00","B"
"96",202201,60,20510,0.00,2,740.00,372,4240.00,6,51.91,-173.49,"2022-06-14 00:00:00","B"
"96",202201,61,20510,0.00,2,620.00,389,2510.00,7,52.38,-170.31,"2022-06-16 00:00:00","B"
"96",202201,39,20510,0.00,1,550.00,154,1720.00,6,52.13,-175.56,"2022-06-06 00:00:00","B"
"96",202201,39,20510,0.00,1,530.00,157,1570.00,6,52.13,-175.56,"2022-06-06 00:00:00","B"
"96",202201,79,20510,0.00,1,620.00,3339,2400.00,6,56.30,-153.07,"2022-08-21 00:00:00","B"
"96",202201,69,20510,0.00,2,510.00,853,1310.00,7,54.31,-161.06,"2022-06-25 00:00:00","B"
"96",202201,70,20510,0.00,2,560.00,894,1730.00,7,54.36,-160.24,"2022-06-26 00:00:00","B"
"96",202201,79,20510,0.00,1,540.00,3387,1720.00,4,56.30,-153.07,"2022-08-21 00:00:00","B"
"96",202201,70,20510,0.00,2,600.00,914,2080.00,4,54.36,-160.24,"2022-06-26 00:00:00","B"
"96",202201,108,20510,0.00,2,660.00,1243,2960.00,7,54.46,-133.92,"2022-07-07 00:00:00","B"
"96",202201,78,20510,0.00,2,580.00,3458,2060.00,6,55.98,-154.02,"2022-08-22 00:00:00","B"
"96",202201,107,20510,0.00,2,620.00,1250,2500.00,5,54.90,-134.28,"2022-07-08 00:00:00","B"
"96",202201,107,20510,0.00,2,600.00,1267,2370.00,7,54.90,-134.28,"2022-07-08 00:00:00","B"
"96",202201,106,20510,0.00,2,780.00,1314,4900.00,19,55.35,-134.73,"2022-07-09 00:00:00","B"
"96",202201,122,20510,0.00,1,550.00,3638,1720.00,6,56.19,-155.96,"2022-08-25 00:00:00","B"
"96",202201,122,20510,0.00,1,520.00,3653,1650.00,6,56.19,-155.96,"2022-08-25 00:00:00","B"
"96",202201,122,20510,0.00,1,510.00,3654,1310.00,7,56.19,-155.96,"2022-08-25 00:00:00","B"
"96",202201,62,20510,0.00,1,490.00,488,1190.00,4,52.66,-169.00,"2022-06-19 00:00:00","B"
"96",202201,123,20510,0.00,1,520.00,3682,1280.00,4,56.23,-156.12,"2022-08-25 00:00:00","B"
"96",202201,62,20510,0.00,2,750.00,516,4380.00,7,52.66,-169.00,"2022-06-19 00:00:00","B"
"96",202201,123,20510,0.00,1,490.00,3696,1100.00,4,56.23,-156.12,"2022-08-25 00:00:00","B"
"96",202201,120,20510,0.00,1,520.00,3710,1350.00,7,55.78,-156.07,"2022-08-26 00:00:00","B"
"96",202201,120,20510,0.00,1,530.00,3714,1270.00,4,55.78,-156.07,"2022-08-26 00:00:00","B"
"96",202201,121,20510,0.00,2,580.00,3740,2060.00,5,55.75,-156.20,"2022-08-26 00:00:00","B"
"96",202201,121,20510,0.00,1,540.00,3741,1590.00,7,55.75,-156.20,"2022-08-26 00:00:00","B"
"96",202201,69,20510,0.00,2,550.00,839,1630.00,6,54.31,-161.06,"2022-06-25 00:00:00","B"
"96",202201,121,20510,0.00,2,630.00,3755,2580.00,6,55.75,-156.20,"2022-08-26 00:00:00","B"
"96",202201,80,20510,0.00,1,590.00,3305,2440.00,8,56.48,-152.21,"2022-08-20 00:00:00","B"
"96",202201,55,20510,0.00,2,560.00,306,1580.00,3,51.59,-177.61,"2022-06-11 00:00:00","B"
"96",202201,73,20510,0.00,1,610.00,1054,2300.00,5,54.85,-157.74,"2022-06-29 00:00:00","B"
"96",202201,132,20510,0.00,1,540.00,2543,1610.00,6,59.08,-149.40,"2022-08-08 00:00:00","B"
"96",202201,57,20510,0.00,2,610.00,317,2590.00,8,51.73,-176.00,"2022-06-12 00:00:00","B"
"96",202201,57,20510,0.00,2,510.00,319,1370.00,5,51.73,-176.00,"2022-06-12 00:00:00","B"
"96",202201,57,20510,0.00,2,590.00,321,2210.00,8,51.73,-176.00,"2022-06-12 00:00:00","B"
"96",202201,57,20510,0.00,1,510.00,326,1190.00,6,51.73,-176.00,"2022-06-12 00:00:00","B"
"96",202201,105,20510,0.00,1,610.00,1356,2430.00,6,55.56,-134.96,"2022-07-10 00:00:00","B"
"96",202201,132,20510,0.00,1,540.00,2548,1430.00,5,59.08,-149.40,"2022-08-08 00:00:00","B"
"96",202201,132,20510,0.00,1,650.00,2553,2930.00,12,59.08,-149.40,"2022-08-08 00:00:00","B"
"96",202201,132,20510,0.00,2,500.00,2557,1080.00,4,59.08,-149.40,"2022-08-08 00:00:00","B"
"96",202201,58,20510,0.00,2,690.00,342,3280.00,8,51.85,-175.12,"2022-06-13 00:00:00","B"
"96",202201,60,20510,0.00,2,660.00,365,3190.00,7,51.91,-173.49,"2022-06-14 00:00:00","B"
"96",202201,39,20510,0.00,2,590.00,133,2000.00,11,52.13,-175.56,"2022-06-06 00:00:00","B"
"96",202201,39,20510,0.00,2,760.00,138,5460.00,6,52.13,-175.56,"2022-06-06 00:00:00","B"
"96",202201,39,20510,0.00,2,540.00,140,1580.00,6,52.13,-175.56,"2022-06-06 00:00:00","B"
"96",202201,133,20510,0.00,1,500.00,2581,1200.00,5,58.95,-149.51,"2022-08-08 00:00:00","B"
"96",202201,60,20510,0.00,2,640.00,369,2650.00,8,51.91,-173.49,"2022-06-14 00:00:00","B"
"96",202201,60,20510,0.00,2,660.00,376,3280.00,5,51.91,-173.49,"2022-06-14 00:00:00","B"
"96",202201,60,20510,0.00,2,670.00,378,3350.00,8,51.91,-173.49,"2022-06-14 00:00:00","B"
"96",202201,39,20510,0.00,2,600.00,153,2350.00,5,52.13,-175.56,"2022-06-06 00:00:00","B"
"96",202201,39,20510,0.00,1,540.00,158,1600.00,6,52.13,-175.56,"2022-06-06 00:00:00","B"
"96",202201,39,20510,0.00,2,600.00,160,2640.00,7,52.13,-175.56,"2022-06-06 00:00:00","B"
"96",202201,79,20510,0.00,2,580.00,3359,2140.00,5,56.30,-153.07,"2022-08-21 00:00:00","B"
"96",202201,70,20510,0.00,2,670.00,888,2710.00,6,54.36,-160.24,"2022-06-26 00:00:00","B"
"96",202201,70,20510,0.00,1,490.00,895,1050.00,3,54.36,-160.24,"2022-06-26 00:00:00","B"
"96",202201,79,20510,0.00,1,660.00,3401,3130.00,15,56.30,-153.07,"2022-08-21 00:00:00","B"
"96",202201,148,20510,0.00,1,490.00,1193,1230.00,5,54.64,-132.84,"2022-07-06 00:00:00","B"
"96",202201,79,20510,0.00,2,660.00,3406,2940.00,5,56.30,-153.07,"2022-08-21 00:00:00","B"
"96",202201,78,20510,0.00,2,600.00,3417,2410.00,6,55.98,-154.02,"2022-08-22 00:00:00","B"
"96",202201,149,20510,0.00,1,580.00,1198,1830.00,11,54.59,-133.02,"2022-07-06 00:00:00","B"
"96",202201,149,20510,0.00,1,590.00,1200,2050.00,8,54.59,-133.02,"2022-07-06 00:00:00","B"
"96",202201,149,20510,0.00,2,560.00,1202,1830.00,7,54.59,-133.02,"2022-07-06 00:00:00","B"
"96",202201,149,20510,0.00,1,580.00,1209,1920.00,8,54.59,-133.02,"2022-07-06 00:00:00","B"
"96",202201,78,20510,0.00,2,660.00,3446,3100.00,8,55.98,-154.02,"2022-08-22 00:00:00","B"
"96",202201,78,20510,0.00,2,740.00,3448,4780.00,7,55.98,-154.02,"2022-08-22 00:00:00","B"
"96",202201,78,20510,0.00,1,510.00,3455,1370.00,6,55.98,-154.02,"2022-08-22 00:00:00","B"
"96",202201,78,20510,0.00,2,610.00,3457,2410.00,6,55.98,-154.02,"2022-08-22 00:00:00","S"
"96",202201,107,20510,0.00,2,720.00,1256,3940.00,9,54.90,-134.28,"2022-07-08 00:00:00","B"
"96",202201,77,20510,0.00,2,460.00,3504,890.00,3,56.05,-154.57,"2022-08-23 00:00:00","B"
"96",202201,106,20510,0.00,1,600.00,1295,2270.00,5,55.35,-134.73,"2022-07-09 00:00:00","B"
"96",202201,106,20510,0.00,1,640.00,1297,2540.00,8,55.35,-134.73,"2022-07-09 00:00:00","B"
"96",202201,77,20510,0.00,1,610.00,3512,2200.00,8,56.05,-154.57,"2022-08-23 00:00:00","B"
"96",202201,106,20510,0.00,2,690.00,1300,3230.00,7,55.35,-134.73,"2022-07-09 00:00:00","B"
"96",202201,77,20510,0.00,2,620.00,3543,2440.00,8,56.05,-154.57,"2022-08-23 00:00:00","B"
"96",202201,77,20510,0.00,1,540.00,3545,1560.00,4,56.05,-154.57,"2022-08-23 00:00:00","B"
"96",202201,76,20510,0.00,1,540.00,3550,1460.00,7,55.76,-155.14,"2022-08-24 00:00:00","B"
"96",202201,61,20510,0.00,2,540.00,397,1530.00,6,52.38,-170.31,"2022-06-16 00:00:00","B"
"96",202201,76,20510,0.00,2,610.00,3574,2240.00,6,55.76,-155.14,"2022-08-24 00:00:00","B"
"96",202201,64,20510,0.00,2,570.00,409,1810.00,6,53.19,-166.85,"2022-06-18 00:00:00","B"
"96",202201,64,20510,0.00,1,620.00,432,2110.00,5,53.19,-166.85,"2022-06-18 00:00:00","B"
"96",202201,122,20510,0.00,2,590.00,3634,2090.00,8,56.19,-155.96,"2022-08-25 00:00:00","B"
"96",202201,122,20510,0.00,2,530.00,3636,1820.00,7,56.19,-155.96,"2022-08-25 00:00:00","B"
"96",202201,64,20510,0.00,2,550.00,471,1560.00,8,53.19,-166.85,"2022-06-18 00:00:00","B"
"96",202201,64,20510,0.00,1,510.00,476,1230.00,7,53.19,-166.85,"2022-06-18 00:00:00","B"
"96",202201,122,20510,0.00,1,550.00,3649,2060.00,5,56.19,-155.96,"2022-08-25 00:00:00","B"
"96",202201,62,20510,0.00,1,470.00,490,1020.00,4,52.66,-169.00,"2022-06-19 00:00:00","B"
"96",202201,120,20510,0.00,1,480.00,3707,1000.00,5,55.78,-156.07,"2022-08-26 00:00:00","B"
"96",202201,120,20510,0.00,2,520.00,3709,1490.00,6,55.78,-156.07,"2022-08-26 00:00:00","B"
"96",202201,68,20510,0.00,2,640.00,807,2710.00,7,54.13,-161.64,"2022-06-24 00:00:00","B"
"96",202201,68,20510,0.00,1,580.00,812,1910.00,8,54.13,-161.64,"2022-06-24 00:00:00","B"
"96",202201,81,20510,0.00,1,560.00,3279,1800.00,6,57.11,-151.23,"2022-08-19 00:00:00","B"
"96",202201,80,20510,0.00,2,660.00,3281,3050.00,6,56.48,-152.21,"2022-08-20 00:00:00","B"
"96",202201,121,20510,0.00,2,500.00,3768,1170.00,3,55.75,-156.20,"2022-08-26 00:00:00","B"
"96",202201,121,20510,0.00,1,610.00,3773,2640.00,6,55.75,-156.20,"2022-08-26 00:00:00","B"
"96",202201,121,20510,0.00,2,650.00,3775,3340.00,7,55.75,-156.20,"2022-08-26 00:00:00","B"
"96",202201,72,20510,0.00,1,570.00,1021,1840.00,10,54.63,-158.58,"2022-06-28 00:00:00","B"
"96",202201,73,20510,0.00,2,550.00,1036,1600.00,5,54.85,-157.74,"2022-06-29 00:00:00","B"
"96",202201,88,20510,0.00,1,600.00,2508,2300.00,6,59.15,-147.60,"2022-08-06 00:00:00","B"
"96",202201,55,20510,0.00,2,580.00,291,1860.00,7,51.59,-177.61,"2022-06-11 00:00:00","B"
"96",202201,55,20510,0.00,2,510.00,308,1190.00,6,51.59,-177.61,"2022-06-11 00:00:00","B"
"96",202201,105,20510,0.00,2,520.00,1332,1100.00,4,55.56,-134.96,"2022-07-10 00:00:00","B"
"96",202201,57,20510,0.00,1,550.00,323,1490.00,8,51.73,-176.00,"2022-06-12 00:00:00","B"
"96",202201,57,20510,0.00,2,580.00,338,2100.00,10,51.73,-176.00,"2022-06-12 00:00:00","B"
"96",202201,133,20510,0.00,2,540.00,2569,1540.00,4,58.95,-149.51,"2022-08-08 00:00:00","B"
"96",202201,58,20510,0.00,1,530.00,351,1370.00,7,51.85,-175.12,"2022-06-13 00:00:00","B"
"96",202201,39,20510,0.00,2,530.00,135,1700.00,6,52.13,-175.56,"2022-06-06 00:00:00","B"
"96",202201,144,20510,0.00,2,730.00,1363,3510.00,9,55.93,-134.89,"2022-07-11 00:00:00","B"
"96",202201,145,20510,0.00,1,570.00,1377,1860.00,6,56.03,-134.92,"2022-07-11 00:00:00","B"
"96",202201,145,20510,0.00,1,590.00,1378,2120.00,5,56.03,-134.92,"2022-07-11 00:00:00","B"
"96",202201,145,20510,0.00,1,540.00,1381,1490.00,6,56.03,-134.92,"2022-07-11 00:00:00","B"
"96",202201,133,20510,0.00,1,490.00,2586,1060.00,3,58.95,-149.51,"2022-08-08 00:00:00","B"
"96",202201,60,20510,0.00,2,680.00,373,3670.00,5,51.91,-173.49,"2022-06-14 00:00:00","B"
"96",202201,60,20510,0.00,2,720.00,374,4010.00,6,51.91,-173.49,"2022-06-14 00:00:00","B"
"96",202201,61,20510,0.00,2,670.00,387,3360.00,6,52.38,-170.31,"2022-06-16 00:00:00","B"
"96",202201,61,20510,0.00,1,600.00,388,2400.00,9,52.38,-170.31,"2022-06-16 00:00:00","B"
"96",202201,61,20510,0.00,2,530.00,391,1440.00,,52.38,-170.31,"2022-06-16 00:00:00",
"96",202201,39,20510,0.00,2,610.00,156,2440.00,5,52.13,-175.56,"2022-06-06 00:00:00","B"
"96",202201,79,20510,0.00,1,620.00,3341,2410.00,7,56.30,-153.07,"2022-08-21 00:00:00","B"
"96",202201,79,20510,0.00,1,500.00,3403,1220.00,6,56.30,-153.07,"2022-08-21 00:00:00","B"
"96",202201,70,20510,0.00,1,650.00,916,2950.00,4,54.36,-160.24,"2022-06-26 00:00:00","B"
"96",202201,78,20510,0.00,2,610.00,3450,2480.00,6,55.98,-154.02,"2022-08-22 00:00:00","B"
"96",202201,108,20510,0.00,1,530.00,1242,1460.00,8,54.46,-133.92,"2022-07-07 00:00:00","B"
"96",202201,78,20510,0.00,1,480.00,3460,1020.00,3,55.98,-154.02,"2022-08-22 00:00:00","S"
"96",202201,78,20510,0.00,1,600.00,3474,2230.00,7,55.98,-154.02,"2022-08-22 00:00:00","B"
"96",202201,77,20510,0.00,1,620.00,3498,2450.00,6,56.05,-154.57,"2022-08-23 00:00:00","B"
"96",202201,107,20510,0.00,1,570.00,1274,1710.00,6,54.90,-134.28,"2022-07-08 00:00:00","B"
"96",202201,106,20510,0.00,1,600.00,1293,2220.00,6,55.35,-134.73,"2022-07-09 00:00:00","B"
"96",202201,105,20510,0.00,1,540.00,1316,1390.00,9,55.56,-134.96,"2022-07-10 00:00:00","B"
"96",202201,77,20510,0.00,1,550.00,3546,1810.00,3,56.05,-154.57,"2022-08-23 00:00:00","S"
"96",202201,76,20510,0.00,2,600.00,3549,2080.00,9,55.76,-155.14,"2022-08-24 00:00:00","B"
"96",202201,64,20510,0.00,1,480.00,415,1000.00,5,53.19,-166.85,"2022-06-18 00:00:00","B"
"96",202201,64,20510,0.00,1,490.00,416,1040.00,4,53.19,-166.85,"2022-06-18 00:00:00","B"
"96",202201,64,20510,0.00,2,650.00,444,2870.00,8,53.19,-166.85,"2022-06-18 00:00:00","B"
"96",202201,76,20510,0.00,2,620.00,3623,2830.00,4,55.76,-155.14,"2022-08-24 00:00:00","B"
"96",202201,122,20510,0.00,2,500.00,3641,1290.00,7,56.19,-155.96,"2022-08-25 00:00:00","B"
"96",202201,64,20510,0.00,1,530.00,475,1430.00,6,53.19,-166.85,"2022-06-18 00:00:00","B"
"96",202201,122,20510,0.00,1,540.00,3651,1530.00,6,56.19,-155.96,"2022-08-25 00:00:00","B"
"96",202201,62,20510,0.00,2,570.00,518,1690.00,7,52.66,-169.00,"2022-06-19 00:00:00","B"
"96",202201,68,20510,0.00,2,670.00,796,2830.00,6,54.13,-161.64,"2022-06-24 00:00:00","B"
"96",202201,123,20510,0.00,2,540.00,3697,1770.00,6,56.23,-156.12,"2022-08-25 00:00:00","B"
"96",202201,120,20510,0.00,1,540.00,3712,1700.00,4,55.78,-156.07,"2022-08-26 00:00:00","B"
"96",202201,81,20510,0.00,2,670.00,3264,3070.00,6,57.11,-151.23,"2022-08-19 00:00:00","B"
"96",202201,68,20510,0.00,2,690.00,809,3170.00,7,54.13,-161.64,"2022-06-24 00:00:00","B"
"96",202201,121,20510,0.00,2,540.00,3739,1620.00,6,55.75,-156.20,"2022-08-26 00:00:00","B"
"96",202201,121,20510,0.00,1,580.00,3742,2000.00,6,55.75,-156.20,"2022-08-26 00:00:00","B"
"96",202201,80,20510,0.00,1,530.00,3292,1440.00,4,56.48,-152.21,"2022-08-20 00:00:00","B"
"96",202201,68,20510,0.00,2,470.00,837,900.00,5,54.13,-161.64,"2022-06-24 00:00:00","B"
"96",202201,121,20510,0.00,2,520.00,3752,1460.00,6,55.75,-156.20,"2022-08-26 00:00:00","B"
"96",202201,121,20510,0.00,1,450.00,3771,820.00,3,55.75,-156.20,"2022-08-26 00:00:00","S"
"96",202201,79,20510,0.00,1,570.00,3322,2010.00,4,56.30,-153.07,"2022-08-21 00:00:00","B"
